file,line,type,commit,author,date,time,timezone,datetime,depth,length
style.css,1,css,cde4f672,tanishaiyer1,2025-10-08,23:21:43,-07:00,2025-10-08T23:21:43-07:00,0,4
style.css,2,css,5dcef03d,tanishaiyer1,2025-10-16,15:18:23,-07:00,2025-10-16T15:18:23-07:00,1,23
style.css,3,css,cde4f672,tanishaiyer1,2025-10-08,23:21:43,-07:00,2025-10-08T23:21:43-07:00,1,42
style.css,4,css,cde4f672,tanishaiyer1,2025-10-08,23:21:43,-07:00,2025-10-08T23:21:43-07:00,1,32
style.css,5,css,cde4f672,tanishaiyer1,2025-10-08,23:21:43,-07:00,2025-10-08T23:21:43-07:00,0,0
style.css,6,css,cde4f672,tanishaiyer1,2025-10-08,23:21:43,-07:00,2025-10-08T23:21:43-07:00,0,0
style.css,7,css,5dcef03d,tanishaiyer1,2025-10-16,15:18:23,-07:00,2025-10-16T15:18:23-07:00,0,0
style.css,8,css,cde4f672,tanishaiyer1,2025-10-08,23:21:43,-07:00,2025-10-08T23:21:43-07:00,0,4
style.css,9,css,cde4f672,tanishaiyer1,2025-10-08,23:21:43,-07:00,2025-10-08T23:21:43-07:00,1,23
style.css,10,css,cde4f672,tanishaiyer1,2025-10-08,23:21:43,-07:00,2025-10-08T23:21:43-07:00,1,15
style.css,11,css,cde4f672,tanishaiyer1,2025-10-08,23:21:43,-07:00,2025-10-08T23:21:43-07:00,1,18
style.css,12,css,cde4f672,tanishaiyer1,2025-10-08,23:21:43,-07:00,2025-10-08T23:21:43-07:00,1,11
style.css,13,css,cde4f672,tanishaiyer1,2025-10-08,23:21:43,-07:00,2025-10-08T23:21:43-07:00,0,0
style.css,14,css,cde4f672,tanishaiyer1,2025-10-08,23:21:43,-07:00,2025-10-08T23:21:43-07:00,0,0
style.css,15,css,cde4f672,tanishaiyer1,2025-10-08,23:21:43,-07:00,2025-10-08T23:21:43-07:00,0,3
style.css,16,css,cde4f672,tanishaiyer1,2025-10-08,23:21:43,-07:00,2025-10-08T23:21:43-07:00,1,12
style.css,17,css,cde4f672,tanishaiyer1,2025-10-08,23:21:43,-07:00,2025-10-08T23:21:43-07:00,1,18
style.css,18,css,5dcef03d,tanishaiyer1,2025-10-16,15:18:23,-07:00,2025-10-16T15:18:23-07:00,1,39
style.css,19,css,5dcef03d,tanishaiyer1,2025-10-16,15:18:23,-07:00,2025-10-16T15:18:23-07:00,1,43
style.css,20,css,cde4f672,tanishaiyer1,2025-10-08,23:21:43,-07:00,2025-10-08T23:21:43-07:00,0,0
style.css,21,css,5dcef03d,tanishaiyer1,2025-10-16,15:18:23,-07:00,2025-10-16T15:18:23-07:00,0,0
style.css,22,css,cde4f672,tanishaiyer1,2025-10-08,23:21:43,-07:00,2025-10-08T23:21:43-07:00,0,5
style.css,23,css,cde4f672,tanishaiyer1,2025-10-08,23:21:43,-07:00,2025-10-08T23:21:43-07:00,1,6
style.css,24,css,cde4f672,tanishaiyer1,2025-10-08,23:21:43,-07:00,2025-10-08T23:21:43-07:00,1,20
style.css,25,css,cde4f672,tanishaiyer1,2025-10-08,23:21:43,-07:00,2025-10-08T23:21:43-07:00,1,13
style.css,26,css,cde4f672,tanishaiyer1,2025-10-08,23:21:43,-07:00,2025-10-08T23:21:43-07:00,1,17
style.css,27,css,cde4f672,tanishaiyer1,2025-10-08,23:21:43,-07:00,2025-10-08T23:21:43-07:00,1,13
style.css,28,css,cde4f672,tanishaiyer1,2025-10-08,23:21:43,-07:00,2025-10-08T23:21:43-07:00,0,0
style.css,29,css,cde4f672,tanishaiyer1,2025-10-08,23:21:43,-07:00,2025-10-08T23:21:43-07:00,0,0
style.css,30,css,cde4f672,tanishaiyer1,2025-10-08,23:21:43,-07:00,2025-10-08T23:21:43-07:00,0,13
style.css,31,css,cde4f672,tanishaiyer1,2025-10-08,23:21:43,-07:00,2025-10-08T23:21:43-07:00,1,43
style.css,32,css,6939c970,tanishaiyer1,2025-10-10,18:29:57,-07:00,2025-10-10T18:29:57-07:00,1,20
style.css,33,css,cde4f672,tanishaiyer1,2025-10-08,23:21:43,-07:00,2025-10-08T23:21:43-07:00,0,0
style.css,34,css,cde4f672,tanishaiyer1,2025-10-08,23:21:43,-07:00,2025-10-08T23:21:43-07:00,0,0
style.css,35,css,cde4f672,tanishaiyer1,2025-10-08,23:21:43,-07:00,2025-10-08T23:21:43-07:00,0,11
style.css,36,css,cde4f672,tanishaiyer1,2025-10-08,23:21:43,-07:00,2025-10-08T23:21:43-07:00,1,45
style.css,37,css,5dcef03d,tanishaiyer1,2025-10-16,15:18:23,-07:00,2025-10-16T15:18:23-07:00,1,69
style.css,38,css,cde4f672,tanishaiyer1,2025-10-08,23:21:43,-07:00,2025-10-08T23:21:43-07:00,0,0
style.css,39,css,cde4f672,tanishaiyer1,2025-10-08,23:21:43,-07:00,2025-10-08T23:21:43-07:00,0,0
style.css,40,css,5dcef03d,tanishaiyer1,2025-10-16,15:18:23,-07:00,2025-10-16T15:18:23-07:00,0,0
style.css,41,css,cde4f672,tanishaiyer1,2025-10-08,23:21:43,-07:00,2025-10-08T23:21:43-07:00,0,23
style.css,42,css,cde4f672,tanishaiyer1,2025-10-08,23:21:43,-07:00,2025-10-08T23:21:43-07:00,1,12
style.css,43,css,cde4f672,tanishaiyer1,2025-10-08,23:21:43,-07:00,2025-10-08T23:21:43-07:00,0,0
style.css,44,css,cde4f672,tanishaiyer1,2025-10-08,23:21:43,-07:00,2025-10-08T23:21:43-07:00,0,0
style.css,45,css,cde4f672,tanishaiyer1,2025-10-08,23:21:43,-07:00,2025-10-08T23:21:43-07:00,0,4
style.css,46,css,cde4f672,tanishaiyer1,2025-10-08,23:21:43,-07:00,2025-10-08T23:21:43-07:00,1,12
style.css,47,css,cde4f672,tanishaiyer1,2025-10-08,23:21:43,-07:00,2025-10-08T23:21:43-07:00,1,30
style.css,48,css,cde4f672,tanishaiyer1,2025-10-08,23:21:43,-07:00,2025-10-08T23:21:43-07:00,1,7
style.css,49,css,cde4f672,tanishaiyer1,2025-10-08,23:21:43,-07:00,2025-10-08T23:21:43-07:00,0,0
style.css,50,css,cde4f672,tanishaiyer1,2025-10-08,23:21:43,-07:00,2025-10-08T23:21:43-07:00,0,0
style.css,51,css,cde4f672,tanishaiyer1,2025-10-08,23:21:43,-07:00,2025-10-08T23:21:43-07:00,0,10
style.css,52,css,cde4f672,tanishaiyer1,2025-10-08,23:21:43,-07:00,2025-10-08T23:21:43-07:00,1,12
style.css,53,css,cde4f672,tanishaiyer1,2025-10-08,23:21:43,-07:00,2025-10-08T23:21:43-07:00,1,29
style.css,54,css,cde4f672,tanishaiyer1,2025-10-08,23:21:43,-07:00,2025-10-08T23:21:43-07:00,1,18
style.css,55,css,cde4f672,tanishaiyer1,2025-10-08,23:21:43,-07:00,2025-10-08T23:21:43-07:00,0,0
style.css,56,css,cde4f672,tanishaiyer1,2025-10-08,23:21:43,-07:00,2025-10-08T23:21:43-07:00,0,0
style.css,57,css,cde4f672,tanishaiyer1,2025-10-08,23:21:43,-07:00,2025-10-08T23:21:43-07:00,0,11
style.css,58,css,cde4f672,tanishaiyer1,2025-10-08,23:21:43,-07:00,2025-10-08T23:21:43-07:00,1,18
style.css,59,css,cde4f672,tanishaiyer1,2025-10-08,23:21:43,-07:00,2025-10-08T23:21:43-07:00,1,19
style.css,60,css,cde4f672,tanishaiyer1,2025-10-08,23:21:43,-07:00,2025-10-08T23:21:43-07:00,1,10
style.css,61,css,cde4f672,tanishaiyer1,2025-10-08,23:21:43,-07:00,2025-10-08T23:21:43-07:00,0,0
style.css,62,css,cde4f672,tanishaiyer1,2025-10-08,23:21:43,-07:00,2025-10-08T23:21:43-07:00,0,0
style.css,63,css,cde4f672,tanishaiyer1,2025-10-08,23:21:43,-07:00,2025-10-08T23:21:43-07:00,0,9
style.css,64,css,cde4f672,tanishaiyer1,2025-10-08,23:21:43,-07:00,2025-10-08T23:21:43-07:00,1,12
style.css,65,css,cde4f672,tanishaiyer1,2025-10-08,23:21:43,-07:00,2025-10-08T23:21:43-07:00,1,58
style.css,66,css,cde4f672,tanishaiyer1,2025-10-08,23:21:43,-07:00,2025-10-08T23:21:43-07:00,1,7
style.css,67,css,cde4f672,tanishaiyer1,2025-10-08,23:21:43,-07:00,2025-10-08T23:21:43-07:00,0,0
style.css,68,css,cde4f672,tanishaiyer1,2025-10-08,23:21:43,-07:00,2025-10-08T23:21:43-07:00,0,0
style.css,69,css,cde4f672,tanishaiyer1,2025-10-08,23:21:43,-07:00,2025-10-08T23:21:43-07:00,0,17
style.css,70,css,cde4f672,tanishaiyer1,2025-10-08,23:21:43,-07:00,2025-10-08T23:21:43-07:00,1,12
style.css,71,css,cde4f672,tanishaiyer1,2025-10-08,23:21:43,-07:00,2025-10-08T23:21:43-07:00,1,26
style.css,72,css,cde4f672,tanishaiyer1,2025-10-08,23:21:43,-07:00,2025-10-08T23:21:43-07:00,1,15
style.css,73,css,6939c970,tanishaiyer1,2025-10-10,18:29:57,-07:00,2025-10-10T18:29:57-07:00,1,7
style.css,74,css,cde4f672,tanishaiyer1,2025-10-08,23:21:43,-07:00,2025-10-08T23:21:43-07:00,0,0
style.css,75,css,cde4f672,tanishaiyer1,2025-10-08,23:21:43,-07:00,2025-10-08T23:21:43-07:00,0,0
style.css,76,css,cdd8a105,tanishaiyer1,2025-10-30,00:47:13,-07:00,2025-10-30T00:47:13-07:00,0,15
style.css,77,css,cdd8a105,tanishaiyer1,2025-10-30,00:47:13,-07:00,2025-10-30T00:47:13-07:00,1,19
style.css,78,css,39c420a5,tanishaiyer1,2025-10-30,00:26:38,-07:00,2025-10-30T00:26:38-07:00,0,0
style.css,79,css,39c420a5,tanishaiyer1,2025-10-30,00:26:38,-07:00,2025-10-30T00:26:38-07:00,0,0
style.css,80,css,8b6a7714,tanishaiyer1,2025-10-30,01:02:56,-07:00,2025-10-30T01:02:56-07:00,0,27
style.css,81,css,cdd8a105,tanishaiyer1,2025-10-30,00:47:13,-07:00,2025-10-30T00:47:13-07:00,1,30
style.css,82,css,39c420a5,tanishaiyer1,2025-10-30,00:26:38,-07:00,2025-10-30T00:26:38-07:00,1,10
style.css,83,css,39c420a5,tanishaiyer1,2025-10-30,00:26:38,-07:00,2025-10-30T00:26:38-07:00,1,34
style.css,84,css,39c420a5,tanishaiyer1,2025-10-30,00:26:38,-07:00,2025-10-30T00:26:38-07:00,1,16
style.css,85,css,cdd8a105,tanishaiyer1,2025-10-30,00:47:13,-07:00,2025-10-30T00:47:13-07:00,1,18
style.css,86,css,39c420a5,tanishaiyer1,2025-10-30,00:26:38,-07:00,2025-10-30T00:26:38-07:00,0,0
style.css,87,css,39c420a5,tanishaiyer1,2025-10-30,00:26:38,-07:00,2025-10-30T00:26:38-07:00,0,0
style.css,88,css,cde4f672,tanishaiyer1,2025-10-08,23:21:43,-07:00,2025-10-08T23:21:43-07:00,0,12
style.css,89,css,cde4f672,tanishaiyer1,2025-10-08,23:21:43,-07:00,2025-10-08T23:21:43-07:00,1,8
style.css,90,css,cde4f672,tanishaiyer1,2025-10-08,23:21:43,-07:00,2025-10-08T23:21:43-07:00,0,0
style.css,91,css,cde4f672,tanishaiyer1,2025-10-08,23:21:43,-07:00,2025-10-08T23:21:43-07:00,0,0
style.css,92,css,cde4f672,tanishaiyer1,2025-10-08,23:21:43,-07:00,2025-10-08T23:21:43-07:00,0,22
style.css,93,css,cde4f672,tanishaiyer1,2025-10-08,23:21:43,-07:00,2025-10-08T23:21:43-07:00,1,15
style.css,94,css,cde4f672,tanishaiyer1,2025-10-08,23:21:43,-07:00,2025-10-08T23:21:43-07:00,1,17
style.css,95,css,cde4f672,tanishaiyer1,2025-10-08,23:21:43,-07:00,2025-10-08T23:21:43-07:00,0,0
style.css,96,css,cde4f672,tanishaiyer1,2025-10-08,23:21:43,-07:00,2025-10-08T23:21:43-07:00,0,0
style.css,97,css,cde4f672,tanishaiyer1,2025-10-08,23:21:43,-07:00,2025-10-08T23:21:43-07:00,0,2
style.css,98,css,cde4f672,tanishaiyer1,2025-10-08,23:21:43,-07:00,2025-10-08T23:21:43-07:00,1,14
style.css,99,css,6939c970,tanishaiyer1,2025-10-10,18:29:57,-07:00,2025-10-10T18:29:57-07:00,1,18
style.css,100,css,6939c970,tanishaiyer1,2025-10-10,18:29:57,-07:00,2025-10-10T18:29:57-07:00,0,0
style.css,101,css,6939c970,tanishaiyer1,2025-10-10,18:29:57,-07:00,2025-10-10T18:29:57-07:00,0,0
style.css,102,css,6939c970,tanishaiyer1,2025-10-10,18:29:57,-07:00,2025-10-10T18:29:57-07:00,0,19
style.css,103,css,6939c970,tanishaiyer1,2025-10-10,18:29:57,-07:00,2025-10-10T18:29:57-07:00,1,11
style.css,104,css,5dcef03d,tanishaiyer1,2025-10-16,15:18:23,-07:00,2025-10-16T15:18:23-07:00,1,10
style.css,105,css,5dcef03d,tanishaiyer1,2025-10-16,15:18:23,-07:00,2025-10-16T15:18:23-07:00,1,36
style.css,106,css,cde4f672,tanishaiyer1,2025-10-08,23:21:43,-07:00,2025-10-08T23:21:43-07:00,0,0
style.css,107,css,cde4f672,tanishaiyer1,2025-10-08,23:21:43,-07:00,2025-10-08T23:21:43-07:00,0,0
style.css,108,css,6939c970,tanishaiyer1,2025-10-10,18:29:57,-07:00,2025-10-10T18:29:57-07:00,0,8
style.css,109,css,6939c970,tanishaiyer1,2025-10-10,18:29:57,-07:00,2025-10-10T18:29:57-07:00,1,15
style.css,110,css,6939c970,tanishaiyer1,2025-10-10,18:29:57,-07:00,2025-10-10T18:29:57-07:00,1,19
style.css,111,css,6939c970,tanishaiyer1,2025-10-10,18:29:57,-07:00,2025-10-10T18:29:57-07:00,1,17
style.css,112,css,6939c970,tanishaiyer1,2025-10-10,18:29:57,-07:00,2025-10-10T18:29:57-07:00,1,15
style.css,113,css,6939c970,tanishaiyer1,2025-10-10,18:29:57,-07:00,2025-10-10T18:29:57-07:00,0,0
style.css,114,css,6939c970,tanishaiyer1,2025-10-10,18:29:57,-07:00,2025-10-10T18:29:57-07:00,0,0
style.css,115,css,6939c970,tanishaiyer1,2025-10-10,18:29:57,-07:00,2025-10-10T18:29:57-07:00,0,12
style.css,116,css,f537d85a,tanishaiyer1,2025-10-16,15:47:00,-07:00,2025-10-16T15:47:00-07:00,1,16
style.css,117,css,6939c970,tanishaiyer1,2025-10-10,18:29:57,-07:00,2025-10-10T18:29:57-07:00,1,19
style.css,118,css,6939c970,tanishaiyer1,2025-10-10,18:29:57,-07:00,2025-10-10T18:29:57-07:00,1,17
style.css,119,css,6939c970,tanishaiyer1,2025-10-10,18:29:57,-07:00,2025-10-10T18:29:57-07:00,1,40
style.css,120,css,f537d85a,tanishaiyer1,2025-10-16,15:47:00,-07:00,2025-10-16T15:47:00-07:00,1,36
style.css,121,css,6939c970,tanishaiyer1,2025-10-10,18:29:57,-07:00,2025-10-10T18:29:57-07:00,0,0
style.css,122,css,cde4f672,tanishaiyer1,2025-10-08,23:21:43,-07:00,2025-10-08T23:21:43-07:00,0,0
style.css,123,css,6939c970,tanishaiyer1,2025-10-10,18:29:57,-07:00,2025-10-10T18:29:57-07:00,0,0
style.css,124,css,6939c970,tanishaiyer1,2025-10-10,18:29:57,-07:00,2025-10-10T18:29:57-07:00,0,12
style.css,125,css,6939c970,tanishaiyer1,2025-10-10,18:29:57,-07:00,2025-10-10T18:29:57-07:00,1,36
style.css,126,css,6939c970,tanishaiyer1,2025-10-10,18:29:57,-07:00,2025-10-10T18:29:57-07:00,1,17
style.css,127,css,6939c970,tanishaiyer1,2025-10-10,18:29:57,-07:00,2025-10-10T18:29:57-07:00,1,31
style.css,128,css,6939c970,tanishaiyer1,2025-10-10,18:29:57,-07:00,2025-10-10T18:29:57-07:00,0,0
style.css,129,css,6939c970,tanishaiyer1,2025-10-10,18:29:57,-07:00,2025-10-10T18:29:57-07:00,0,0
style.css,130,css,6939c970,tanishaiyer1,2025-10-10,18:29:57,-07:00,2025-10-10T18:29:57-07:00,0,15
style.css,131,css,6939c970,tanishaiyer1,2025-10-10,18:29:57,-07:00,2025-10-10T18:29:57-07:00,1,11
style.css,132,css,6939c970,tanishaiyer1,2025-10-10,18:29:57,-07:00,2025-10-10T18:29:57-07:00,1,8
style.css,133,css,6939c970,tanishaiyer1,2025-10-10,18:29:57,-07:00,2025-10-10T18:29:57-07:00,1,15
style.css,134,css,6939c970,tanishaiyer1,2025-10-10,18:29:57,-07:00,2025-10-10T18:29:57-07:00,0,0
style.css,135,css,f537d85a,tanishaiyer1,2025-10-16,15:47:00,-07:00,2025-10-16T15:47:00-07:00,0,0
style.css,136,css,f537d85a,tanishaiyer1,2025-10-16,15:47:00,-07:00,2025-10-16T15:47:00-07:00,0,4
style.css,137,css,f537d85a,tanishaiyer1,2025-10-16,15:47:00,-07:00,2025-10-16T15:47:00-07:00,1,17
style.css,138,css,68190785,tanishaiyer1,2025-10-16,16:04:43,-07:00,2025-10-16T16:04:43-07:00,1,17
style.css,139,css,f537d85a,tanishaiyer1,2025-10-16,15:47:00,-07:00,2025-10-16T15:47:00-07:00,0,0
style.css,140,css,f537d85a,tanishaiyer1,2025-10-16,15:47:00,-07:00,2025-10-16T15:47:00-07:00,0,0
style.css,141,css,f537d85a,tanishaiyer1,2025-10-16,15:47:00,-07:00,2025-10-16T15:47:00-07:00,0,13
style.css,142,css,f537d85a,tanishaiyer1,2025-10-16,15:47:00,-07:00,2025-10-16T15:47:00-07:00,1,17
style.css,143,css,6155a811,tanishaiyer1,2025-10-16,15:48:15,-07:00,2025-10-16T15:48:15-07:00,1,8
style.css,144,css,f537d85a,tanishaiyer1,2025-10-16,15:47:00,-07:00,2025-10-16T15:47:00-07:00,1,10
style.css,145,css,f537d85a,tanishaiyer1,2025-10-16,15:47:00,-07:00,2025-10-16T15:47:00-07:00,1,16
style.css,146,css,f537d85a,tanishaiyer1,2025-10-16,15:47:00,-07:00,2025-10-16T15:47:00-07:00,1,19
style.css,147,css,f537d85a,tanishaiyer1,2025-10-16,15:47:00,-07:00,2025-10-16T15:47:00-07:00,1,15
style.css,148,css,f537d85a,tanishaiyer1,2025-10-16,15:47:00,-07:00,2025-10-16T15:47:00-07:00,0,0
style.css,149,css,68190785,tanishaiyer1,2025-10-16,16:04:43,-07:00,2025-10-16T16:04:43-07:00,0,0
style.css,150,css,f537d85a,tanishaiyer1,2025-10-16,15:47:00,-07:00,2025-10-16T15:47:00-07:00,0,41
style.css,151,css,f537d85a,tanishaiyer1,2025-10-16,15:47:00,-07:00,2025-10-16T15:47:00-07:00,1,19
style.css,152,css,f537d85a,tanishaiyer1,2025-10-16,15:47:00,-07:00,2025-10-16T15:47:00-07:00,0,0
style.css,153,css,f537d85a,tanishaiyer1,2025-10-16,15:47:00,-07:00,2025-10-16T15:47:00-07:00,0,0
style.css,154,css,f0e7d58b,tanishaiyer1,2025-10-24,00:53:03,-07:00,2025-10-24T00:53:03-07:00,0,17
style.css,155,css,f0e7d58b,tanishaiyer1,2025-10-24,00:53:03,-07:00,2025-10-24T00:53:03-07:00,1,12
style.css,156,css,f0e7d58b,tanishaiyer1,2025-10-24,00:53:03,-07:00,2025-10-24T00:53:03-07:00,1,36
style.css,157,css,f0e7d58b,tanishaiyer1,2025-10-24,00:53:03,-07:00,2025-10-24T00:53:03-07:00,1,7
style.css,158,css,f0e7d58b,tanishaiyer1,2025-10-24,00:53:03,-07:00,2025-10-24T00:53:03-07:00,0,0
style.css,159,css,f0e7d58b,tanishaiyer1,2025-10-24,00:53:03,-07:00,2025-10-24T00:53:03-07:00,0,17
style.css,160,css,f0e7d58b,tanishaiyer1,2025-10-24,00:53:03,-07:00,2025-10-24T00:53:03-07:00,1,10
style.css,161,css,f0e7d58b,tanishaiyer1,2025-10-24,00:53:03,-07:00,2025-10-24T00:53:03-07:00,1,16
style.css,162,css,f0e7d58b,tanishaiyer1,2025-10-24,00:53:03,-07:00,2025-10-24T00:53:03-07:00,0,0
style.css,163,css,f0e7d58b,tanishaiyer1,2025-10-24,00:53:03,-07:00,2025-10-24T00:53:03-07:00,0,17
style.css,164,css,f0e7d58b,tanishaiyer1,2025-10-24,00:53:03,-07:00,2025-10-24T00:53:03-07:00,1,10
style.css,165,css,f0e7d58b,tanishaiyer1,2025-10-24,00:53:03,-07:00,2025-10-24T00:53:03-07:00,1,8
style.css,166,css,f0e7d58b,tanishaiyer1,2025-10-24,00:53:03,-07:00,2025-10-24T00:53:03-07:00,0,0
style.css,167,css,0f3789e5,tanishaiyer1,2025-10-30,10:26:30,-07:00,2025-10-30T10:26:30-07:00,0,0
style.css,168,css,0f3789e5,tanishaiyer1,2025-10-30,10:26:30,-07:00,2025-10-30T10:26:30-07:00,0,18
style.css,169,css,0295a6d0,tanishaiyer1,2025-10-30,11:05:23,-07:00,2025-10-30T11:05:23-07:00,1,14
style.css,170,css,0295a6d0,tanishaiyer1,2025-10-30,11:05:23,-07:00,2025-10-30T11:05:23-07:00,1,14
style.css,171,css,0f3789e5,tanishaiyer1,2025-10-30,10:26:30,-07:00,2025-10-30T10:26:30-07:00,1,16
style.css,172,css,0295a6d0,tanishaiyer1,2025-10-30,11:05:23,-07:00,2025-10-30T11:05:23-07:00,1,13
style.css,173,css,0295a6d0,tanishaiyer1,2025-10-30,11:05:23,-07:00,2025-10-30T11:05:23-07:00,0,0
style.css,174,css,0295a6d0,tanishaiyer1,2025-10-30,11:05:23,-07:00,2025-10-30T11:05:23-07:00,0,0
style.css,175,css,0295a6d0,tanishaiyer1,2025-10-30,11:05:23,-07:00,2025-10-30T11:05:23-07:00,0,7
style.css,176,css,0295a6d0,tanishaiyer1,2025-10-30,11:05:23,-07:00,2025-10-30T11:05:23-07:00,1,12
style.css,177,css,0295a6d0,tanishaiyer1,2025-10-30,11:05:23,-07:00,2025-10-30T11:05:23-07:00,1,57
style.css,178,css,0295a6d0,tanishaiyer1,2025-10-30,11:05:23,-07:00,2025-10-30T11:05:23-07:00,1,7
style.css,179,css,0295a6d0,tanishaiyer1,2025-10-30,11:05:23,-07:00,2025-10-30T11:05:23-07:00,1,26
style.css,180,css,0295a6d0,tanishaiyer1,2025-10-30,11:05:23,-07:00,2025-10-30T11:05:23-07:00,1,11
style.css,181,css,0295a6d0,tanishaiyer1,2025-10-30,11:05:23,-07:00,2025-10-30T11:05:23-07:00,1,6
style.css,182,css,0295a6d0,tanishaiyer1,2025-10-30,11:05:23,-07:00,2025-10-30T11:05:23-07:00,1,17
style.css,183,css,0295a6d0,tanishaiyer1,2025-10-30,11:05:23,-07:00,2025-10-30T11:05:23-07:00,0,0
style.css,184,css,0295a6d0,tanishaiyer1,2025-10-30,11:05:23,-07:00,2025-10-30T11:05:23-07:00,0,0
style.css,185,css,0295a6d0,tanishaiyer1,2025-10-30,11:05:23,-07:00,2025-10-30T11:05:23-07:00,0,12
style.css,186,css,0295a6d0,tanishaiyer1,2025-10-30,11:05:23,-07:00,2025-10-30T11:05:23-07:00,1,12
style.css,187,css,0295a6d0,tanishaiyer1,2025-10-30,11:05:23,-07:00,2025-10-30T11:05:23-07:00,1,18
style.css,188,css,0295a6d0,tanishaiyer1,2025-10-30,11:05:23,-07:00,2025-10-30T11:05:23-07:00,1,9
style.css,189,css,0295a6d0,tanishaiyer1,2025-10-30,11:05:23,-07:00,2025-10-30T11:05:23-07:00,0,0
style.css,190,css,0295a6d0,tanishaiyer1,2025-10-30,11:05:23,-07:00,2025-10-30T11:05:23-07:00,0,0
style.css,191,css,0295a6d0,tanishaiyer1,2025-10-30,11:05:23,-07:00,2025-10-30T11:05:23-07:00,0,7
style.css,192,css,0295a6d0,tanishaiyer1,2025-10-30,11:05:23,-07:00,2025-10-30T11:05:23-07:00,1,9
style.css,193,css,0295a6d0,tanishaiyer1,2025-10-30,11:05:23,-07:00,2025-10-30T11:05:23-07:00,1,18
style.css,194,css,0295a6d0,tanishaiyer1,2025-10-30,11:05:23,-07:00,2025-10-30T11:05:23-07:00,1,29
style.css,195,css,0295a6d0,tanishaiyer1,2025-10-30,11:05:23,-07:00,2025-10-30T11:05:23-07:00,1,20
style.css,196,css,0295a6d0,tanishaiyer1,2025-10-30,11:05:23,-07:00,2025-10-30T11:05:23-07:00,1,20
style.css,197,css,0295a6d0,tanishaiyer1,2025-10-30,11:05:23,-07:00,2025-10-30T11:05:23-07:00,0,0
style.css,198,css,0295a6d0,tanishaiyer1,2025-10-30,11:05:23,-07:00,2025-10-30T11:05:23-07:00,0,0
style.css,199,css,0295a6d0,tanishaiyer1,2025-10-30,11:05:23,-07:00,2025-10-30T11:05:23-07:00,0,10
style.css,200,css,0295a6d0,tanishaiyer1,2025-10-30,11:05:23,-07:00,2025-10-30T11:05:23-07:00,1,12
style.css,201,css,0295a6d0,tanishaiyer1,2025-10-30,11:05:23,-07:00,2025-10-30T11:05:23-07:00,1,22
style.css,202,css,0295a6d0,tanishaiyer1,2025-10-30,11:05:23,-07:00,2025-10-30T11:05:23-07:00,1,9
style.css,203,css,0295a6d0,tanishaiyer1,2025-10-30,11:05:23,-07:00,2025-10-30T11:05:23-07:00,1,14
style.css,204,css,0295a6d0,tanishaiyer1,2025-10-30,11:05:23,-07:00,2025-10-30T11:05:23-07:00,1,16
style.css,205,css,0295a6d0,tanishaiyer1,2025-10-30,11:05:23,-07:00,2025-10-30T11:05:23-07:00,0,0
style.css,206,css,9348277b,tanishaiyer1,2025-10-30,13:28:02,-07:00,2025-10-30T13:28:02-07:00,0,0
style.css,207,css,9348277b,tanishaiyer1,2025-10-30,13:28:02,-07:00,2025-10-30T13:28:02-07:00,0,17
style.css,208,css,9348277b,tanishaiyer1,2025-10-30,13:28:02,-07:00,2025-10-30T13:28:02-07:00,1,16
style.css,209,css,9348277b,tanishaiyer1,2025-10-30,13:28:02,-07:00,2025-10-30T13:28:02-07:00,2,11
style.css,210,css,9348277b,tanishaiyer1,2025-10-30,13:28:02,-07:00,2025-10-30T13:28:02-07:00,1,0
style.css,211,css,9348277b,tanishaiyer1,2025-10-30,13:28:02,-07:00,2025-10-30T13:28:02-07:00,0,0
style.css,212,css,9348277b,tanishaiyer1,2025-10-30,13:28:02,-07:00,2025-10-30T13:28:02-07:00,0,0
style.css,213,css,9348277b,tanishaiyer1,2025-10-30,13:28:02,-07:00,2025-10-30T13:28:02-07:00,0,4
style.css,214,css,9348277b,tanishaiyer1,2025-10-30,13:28:02,-07:00,2025-10-30T13:28:02-07:00,1,16
style.css,215,css,9348277b,tanishaiyer1,2025-10-30,13:28:02,-07:00,2025-10-30T13:28:02-07:00,1,14
style.css,216,css,9348277b,tanishaiyer1,2025-10-30,13:28:02,-07:00,2025-10-30T13:28:02-07:00,0,0
style.css,217,css,9348277b,tanishaiyer1,2025-10-30,13:28:02,-07:00,2025-10-30T13:28:02-07:00,0,0
style.css,218,css,9348277b,tanishaiyer1,2025-10-30,13:28:02,-07:00,2025-10-30T13:28:02-07:00,0,9
style.css,219,css,9348277b,tanishaiyer1,2025-10-30,13:28:02,-07:00,2025-10-30T13:28:02-07:00,1,35
style.css,220,css,9348277b,tanishaiyer1,2025-10-30,13:28:02,-07:00,2025-10-30T13:28:02-07:00,0,0
style.css,221,css,9348277b,tanishaiyer1,2025-10-30,13:28:02,-07:00,2025-10-30T13:28:02-07:00,1,10
style.css,222,css,9348277b,tanishaiyer1,2025-10-30,13:28:02,-07:00,2025-10-30T13:28:02-07:00,2,17
style.css,223,css,9348277b,tanishaiyer1,2025-10-30,13:28:02,-07:00,2025-10-30T13:28:02-07:00,1,0
style.css,224,css,9348277b,tanishaiyer1,2025-10-30,13:28:02,-07:00,2025-10-30T13:28:02-07:00,0,0
style.css,225,css,9348277b,tanishaiyer1,2025-10-30,13:28:02,-07:00,2025-10-30T13:28:02-07:00,0,0
index.js,1,js,f0e7d58b,tanishaiyer1,2025-10-24,00:53:03,-07:00,2025-10-24T00:53:03-07:00,0,71
index.js,2,js,f0e7d58b,tanishaiyer1,2025-10-24,00:53:03,-07:00,2025-10-24T00:53:03-07:00,0,0
index.js,3,js,f0e7d58b,tanishaiyer1,2025-10-24,00:53:03,-07:00,2025-10-24T00:53:03-07:00,0,54
index.js,4,js,f0e7d58b,tanishaiyer1,2025-10-24,00:53:03,-07:00,2025-10-24T00:53:03-07:00,0,42
index.js,5,js,f0e7d58b,tanishaiyer1,2025-10-24,00:53:03,-07:00,2025-10-24T00:53:03-07:00,0,60
index.js,6,js,f0e7d58b,tanishaiyer1,2025-10-24,00:53:03,-07:00,2025-10-24T00:53:03-07:00,0,54
index.js,7,js,f0e7d58b,tanishaiyer1,2025-10-24,00:53:03,-07:00,2025-10-24T00:53:03-07:00,0,0
index.js,8,js,34a4470b,tanishaiyer1,2025-10-24,01:11:48,-07:00,2025-10-24T01:11:48-07:00,0,55
index.js,9,js,f0e7d58b,tanishaiyer1,2025-10-24,00:53:03,-07:00,2025-10-24T00:53:03-07:00,0,60
index.js,10,js,f0e7d58b,tanishaiyer1,2025-10-24,00:53:03,-07:00,2025-10-24T00:53:03-07:00,0,0
index.js,11,js,f0e7d58b,tanishaiyer1,2025-10-24,00:53:03,-07:00,2025-10-24T00:53:03-07:00,0,17
index.js,12,js,f0e7d58b,tanishaiyer1,2025-10-24,00:53:03,-07:00,2025-10-24T00:53:03-07:00,1,24
index.js,13,js,f0e7d58b,tanishaiyer1,2025-10-24,00:53:03,-07:00,2025-10-24T00:53:03-07:00,2,27
index.js,14,js,f0e7d58b,tanishaiyer1,2025-10-24,00:53:03,-07:00,2025-10-24T00:53:03-07:00,2,2
index.js,15,js,f0e7d58b,tanishaiyer1,2025-10-24,00:53:03,-07:00,2025-10-24T00:53:03-07:00,3,55
index.js,16,js,f0e7d58b,tanishaiyer1,2025-10-24,00:53:03,-07:00,2025-10-24T00:53:03-07:00,3,55
index.js,17,js,f0e7d58b,tanishaiyer1,2025-10-24,00:53:03,-07:00,2025-10-24T00:53:03-07:00,3,49
index.js,18,js,f0e7d58b,tanishaiyer1,2025-10-24,00:53:03,-07:00,2025-10-24T00:53:03-07:00,3,49
index.js,19,js,f0e7d58b,tanishaiyer1,2025-10-24,00:53:03,-07:00,2025-10-24T00:53:03-07:00,2,3
index.js,20,js,f0e7d58b,tanishaiyer1,2025-10-24,00:53:03,-07:00,2025-10-24T00:53:03-07:00,1,0
index.js,21,js,f0e7d58b,tanishaiyer1,2025-10-24,00:53:03,-07:00,2025-10-24T00:53:03-07:00,0,0
index.html,1,html,9f13d6c4,tanishaiyer1,2025-10-02,17:38:31,-07:00,2025-10-02T17:38:31-07:00,0,13
index.html,2,html,9f13d6c4,tanishaiyer1,2025-10-02,17:38:31,-07:00,2025-10-02T17:38:31-07:00,0,14
index.html,3,html,9f13d6c4,tanishaiyer1,2025-10-02,17:38:31,-07:00,2025-10-02T17:38:31-07:00,0,4
index.html,4,html,9f13d6c4,tanishaiyer1,2025-10-02,17:38:31,-07:00,2025-10-02T17:38:31-07:00,2,20
index.html,5,html,9f13d6c4,tanishaiyer1,2025-10-02,17:38:31,-07:00,2025-10-02T17:38:31-07:00,2,68
index.html,6,html,9f13d6c4,tanishaiyer1,2025-10-02,17:38:31,-07:00,2025-10-02T17:38:31-07:00,2,54
index.html,7,html,b11ec1c6,tanishaiyer1,2025-10-03,14:54:17,-07:00,2025-10-03T14:54:17-07:00,2,38
index.html,8,html,9f13d6c4,tanishaiyer1,2025-10-02,17:38:31,-07:00,2025-10-02T17:38:31-07:00,0,5
index.html,9,html,9f13d6c4,tanishaiyer1,2025-10-02,17:38:31,-07:00,2025-10-02T17:38:31-07:00,0,4
index.html,10,html,f537d85a,tanishaiyer1,2025-10-16,15:47:00,-07:00,2025-10-16T15:47:00-07:00,2,8
index.html,11,html,f537d85a,tanishaiyer1,2025-10-16,15:47:00,-07:00,2025-10-16T15:47:00-07:00,4,27
index.html,12,html,516e9e7b,tanishaiyer1,2025-10-02,18:58:24,-07:00,2025-10-02T18:58:24-07:00,4,40
index.html,13,html,516e9e7b,tanishaiyer1,2025-10-02,18:58:24,-07:00,2025-10-02T18:58:24-07:00,4,38
index.html,14,html,1186880e,tanishaiyer1,2025-10-03,14:03:25,-07:00,2025-10-03T14:03:25-07:00,4,36
index.html,15,html,00000000,Not Committed Yet,2025-11-05,22:59:49,-08:00,2025-11-05T22:59:49-08:00,4,32
index.html,16,html,516e9e7b,tanishaiyer1,2025-10-02,18:58:24,-07:00,2025-10-02T18:58:24-07:00,4,67
index.html,17,html,f537d85a,tanishaiyer1,2025-10-16,15:47:00,-07:00,2025-10-16T15:47:00-07:00,2,8
index.html,18,html,9f13d6c4,tanishaiyer1,2025-10-02,17:38:31,-07:00,2025-10-02T17:38:31-07:00,2,19
index.html,19,html,6939c970,tanishaiyer1,2025-10-10,18:29:57,-07:00,2025-10-10T18:29:57-07:00,2,361
index.html,20,html,918c4522,tanishaiyer1,2025-10-03,21:16:47,-07:00,2025-10-03T21:16:47-07:00,2,90
index.html,21,html,b5a6e42f,tanishaiyer1,2025-10-23,23:38:18,-07:00,2025-10-23T23:38:18-07:00,0,0
index.html,22,html,f0e7d58b,tanishaiyer1,2025-10-24,00:53:03,-07:00,2025-10-24T00:53:03-07:00,2,28
index.html,23,html,f0e7d58b,tanishaiyer1,2025-10-24,00:53:03,-07:00,2025-10-24T00:53:03-07:00,0,0
index.html,24,html,b5a6e42f,tanishaiyer1,2025-10-23,23:38:18,-07:00,2025-10-23T23:38:18-07:00,2,22
index.html,25,html,f0e7d58b,tanishaiyer1,2025-10-24,00:53:03,-07:00,2025-10-24T00:53:03-07:00,2,26
index.html,26,html,b5a6e42f,tanishaiyer1,2025-10-23,23:38:18,-07:00,2025-10-23T23:38:18-07:00,0,0
index.html,27,html,9c7588b6,tanishaiyer1,2025-10-16,14:12:49,-07:00,2025-10-16T14:12:49-07:00,2,45
index.html,28,html,b5a6e42f,tanishaiyer1,2025-10-23,23:38:18,-07:00,2025-10-23T23:38:18-07:00,2,50
index.html,29,html,b5a6e42f,tanishaiyer1,2025-10-23,23:38:18,-07:00,2025-10-23T23:38:18-07:00,0,0
index.html,30,html,9f13d6c4,tanishaiyer1,2025-10-02,17:38:31,-07:00,2025-10-02T17:38:31-07:00,0,5
index.html,31,html,b5a6e42f,tanishaiyer1,2025-10-23,23:38:18,-07:00,2025-10-23T23:38:18-07:00,0,5
global.js,1,js,9c7588b6,tanishaiyer1,2025-10-16,14:12:49,-07:00,2025-10-16T14:12:49-07:00,0,25
global.js,2,js,9c7588b6,tanishaiyer1,2025-10-16,14:12:49,-07:00,2025-10-16T14:12:49-07:00,0,0
global.js,3,js,9c7588b6,tanishaiyer1,2025-10-16,14:12:49,-07:00,2025-10-16T14:12:49-07:00,0,41
global.js,4,js,9c7588b6,tanishaiyer1,2025-10-16,14:12:49,-07:00,2025-10-16T14:12:49-07:00,1,52
global.js,5,js,f537d85a,tanishaiyer1,2025-10-16,15:47:00,-07:00,2025-10-16T15:47:00-07:00,0,0
global.js,6,js,f537d85a,tanishaiyer1,2025-10-16,15:47:00,-07:00,2025-10-16T15:47:00-07:00,0,0
global.js,7,js,f537d85a,tanishaiyer1,2025-10-16,15:47:00,-07:00,2025-10-16T15:47:00-07:00,0,88
global.js,8,js,f537d85a,tanishaiyer1,2025-10-16,15:47:00,-07:00,2025-10-16T15:47:00-07:00,1,3
global.js,9,js,f537d85a,tanishaiyer1,2025-10-16,15:47:00,-07:00,2025-10-16T15:47:00-07:00,1,14
global.js,10,js,f537d85a,tanishaiyer1,2025-10-16,15:47:00,-07:00,2025-10-16T15:47:00-07:00,0,0
global.js,11,js,f537d85a,tanishaiyer1,2025-10-16,15:47:00,-07:00,2025-10-16T15:47:00-07:00,0,11
global.js,12,js,f537d85a,tanishaiyer1,2025-10-16,15:47:00,-07:00,2025-10-16T15:47:00-07:00,1,25
global.js,13,js,f537d85a,tanishaiyer1,2025-10-16,15:47:00,-07:00,2025-10-16T15:47:00-07:00,1,38
global.js,14,js,f537d85a,tanishaiyer1,2025-10-16,15:47:00,-07:00,2025-10-16T15:47:00-07:00,1,36
global.js,15,js,f537d85a,tanishaiyer1,2025-10-16,15:47:00,-07:00,2025-10-16T15:47:00-07:00,1,34
global.js,16,js,00000000,Not Committed Yet,2025-11-05,22:59:49,-08:00,2025-11-05T22:59:49-08:00,1,30
global.js,17,js,f537d85a,tanishaiyer1,2025-10-16,15:47:00,-07:00,2025-10-16T15:47:00-07:00,1,58
global.js,18,js,f537d85a,tanishaiyer1,2025-10-16,15:47:00,-07:00,2025-10-16T15:47:00-07:00,0,0
global.js,19,js,f537d85a,tanishaiyer1,2025-10-16,15:47:00,-07:00,2025-10-16T15:47:00-07:00,0,0
global.js,20,js,f537d85a,tanishaiyer1,2025-10-16,15:47:00,-07:00,2025-10-16T15:47:00-07:00,0,38
global.js,21,js,f537d85a,tanishaiyer1,2025-10-16,15:47:00,-07:00,2025-10-16T15:47:00-07:00,0,25
global.js,22,js,f537d85a,tanishaiyer1,2025-10-16,15:47:00,-07:00,2025-10-16T15:47:00-07:00,0,0
global.js,23,js,f537d85a,tanishaiyer1,2025-10-16,15:47:00,-07:00,2025-10-16T15:47:00-07:00,0,20
global.js,24,js,f537d85a,tanishaiyer1,2025-10-16,15:47:00,-07:00,2025-10-16T15:47:00-07:00,1,14
global.js,25,js,f537d85a,tanishaiyer1,2025-10-16,15:47:00,-07:00,2025-10-16T15:47:00-07:00,1,18
global.js,26,js,f537d85a,tanishaiyer1,2025-10-16,15:47:00,-07:00,2025-10-16T15:47:00-07:00,0,0
global.js,27,js,f537d85a,tanishaiyer1,2025-10-16,15:47:00,-07:00,2025-10-16T15:47:00-07:00,1,28
global.js,28,js,f537d85a,tanishaiyer1,2025-10-16,15:47:00,-07:00,2025-10-16T15:47:00-07:00,2,20
global.js,29,js,f537d85a,tanishaiyer1,2025-10-16,15:47:00,-07:00,2025-10-16T15:47:00-07:00,1,0
global.js,30,js,f537d85a,tanishaiyer1,2025-10-16,15:47:00,-07:00,2025-10-16T15:47:00-07:00,0,0
global.js,31,js,f537d85a,tanishaiyer1,2025-10-16,15:47:00,-07:00,2025-10-16T15:47:00-07:00,1,34
global.js,32,js,f537d85a,tanishaiyer1,2025-10-16,15:47:00,-07:00,2025-10-16T15:47:00-07:00,1,11
global.js,33,js,f537d85a,tanishaiyer1,2025-10-16,15:47:00,-07:00,2025-10-16T15:47:00-07:00,1,20
global.js,34,js,f537d85a,tanishaiyer1,2025-10-16,15:47:00,-07:00,2025-10-16T15:47:00-07:00,0,0
global.js,35,js,f537d85a,tanishaiyer1,2025-10-16,15:47:00,-07:00,2025-10-16T15:47:00-07:00,1,17
global.js,36,js,f537d85a,tanishaiyer1,2025-10-16,15:47:00,-07:00,2025-10-16T15:47:00-07:00,2,8
global.js,37,js,f537d85a,tanishaiyer1,2025-10-16,15:47:00,-07:00,2025-10-16T15:47:00-07:00,2,58
global.js,38,js,f537d85a,tanishaiyer1,2025-10-16,15:47:00,-07:00,2025-10-16T15:47:00-07:00,1,0
global.js,39,js,f537d85a,tanishaiyer1,2025-10-16,15:47:00,-07:00,2025-10-16T15:47:00-07:00,0,0
global.js,40,js,f537d85a,tanishaiyer1,2025-10-16,15:47:00,-07:00,2025-10-16T15:47:00-07:00,1,52
global.js,41,js,f537d85a,tanishaiyer1,2025-10-16,15:47:00,-07:00,2025-10-16T15:47:00-07:00,0,0
global.js,42,js,f537d85a,tanishaiyer1,2025-10-16,15:47:00,-07:00,2025-10-16T15:47:00-07:00,1,12
global.js,43,js,f537d85a,tanishaiyer1,2025-10-16,15:47:00,-07:00,2025-10-16T15:47:00-07:00,0,0
global.js,44,js,f537d85a,tanishaiyer1,2025-10-16,15:47:00,-07:00,2025-10-16T15:47:00-07:00,0,0
global.js,45,js,f537d85a,tanishaiyer1,2025-10-16,15:47:00,-07:00,2025-10-16T15:47:00-07:00,0,31
global.js,46,js,f537d85a,tanishaiyer1,2025-10-16,15:47:00,-07:00,2025-10-16T15:47:00-07:00,1,11
global.js,47,js,f537d85a,tanishaiyer1,2025-10-16,15:47:00,-07:00,2025-10-16T15:47:00-07:00,1,0
global.js,48,js,9ed6bd93,tanishaiyer1,2025-10-16,15:58:23,-07:00,2025-10-16T15:58:23-07:00,2,26
global.js,49,js,9ed6bd93,tanishaiyer1,2025-10-16,15:58:23,-07:00,2025-10-16T15:58:23-07:00,4,4
global.js,50,js,9ed6bd93,tanishaiyer1,2025-10-16,15:58:23,-07:00,2025-10-16T15:58:23-07:00,4,6
global.js,51,js,9ed6bd93,tanishaiyer1,2025-10-16,15:58:23,-07:00,2025-10-16T15:58:23-07:00,6,43
global.js,52,js,f537d85a,tanishaiyer1,2025-10-16,15:47:00,-07:00,2025-10-16T15:47:00-07:00,6,34
global.js,53,js,f537d85a,tanishaiyer1,2025-10-16,15:47:00,-07:00,2025-10-16T15:47:00-07:00,6,32
global.js,54,js,9ed6bd93,tanishaiyer1,2025-10-16,15:58:23,-07:00,2025-10-16T15:58:23-07:00,4,7
global.js,55,js,9ed6bd93,tanishaiyer1,2025-10-16,15:58:23,-07:00,2025-10-16T15:58:23-07:00,2,6
global.js,56,js,9ed6bd93,tanishaiyer1,2025-10-16,15:58:23,-07:00,2025-10-16T15:58:23-07:00,1,0
global.js,57,js,f537d85a,tanishaiyer1,2025-10-16,15:47:00,-07:00,2025-10-16T15:47:00-07:00,0,0
global.js,58,js,ab2df395,tanishaiyer1,2025-10-16,15:53:00,-07:00,2025-10-16T15:53:00-07:00,0,0
global.js,59,js,63a9ac22,tanishaiyer1,2025-10-17,12:26:57,-07:00,2025-10-17T12:26:57-07:00,0,60
global.js,60,js,756504fb,tanishaiyer1,2025-10-17,12:10:00,-07:00,2025-10-17T12:10:00-07:00,0,0
global.js,61,js,63a9ac22,tanishaiyer1,2025-10-17,12:26:57,-07:00,2025-10-17T12:26:57-07:00,0,36
global.js,62,js,63a9ac22,tanishaiyer1,2025-10-17,12:26:57,-07:00,2025-10-17T12:26:57-07:00,1,70
global.js,63,js,63a9ac22,tanishaiyer1,2025-10-17,12:26:57,-07:00,2025-10-17T12:26:57-07:00,1,25
global.js,64,js,63a9ac22,tanishaiyer1,2025-10-17,12:26:57,-07:00,2025-10-17T12:26:57-07:00,0,0
global.js,65,js,63a9ac22,tanishaiyer1,2025-10-17,12:26:57,-07:00,2025-10-17T12:26:57-07:00,0,0
global.js,66,js,63a9ac22,tanishaiyer1,2025-10-17,12:26:57,-07:00,2025-10-17T12:26:57-07:00,0,49
global.js,67,js,63a9ac22,tanishaiyer1,2025-10-17,12:26:57,-07:00,2025-10-17T12:26:57-07:00,1,33
global.js,68,js,63a9ac22,tanishaiyer1,2025-10-17,12:26:57,-07:00,2025-10-17T12:26:57-07:00,1,44
global.js,69,js,63a9ac22,tanishaiyer1,2025-10-17,12:26:57,-07:00,2025-10-17T12:26:57-07:00,0,1
global.js,70,js,63a9ac22,tanishaiyer1,2025-10-17,12:26:57,-07:00,2025-10-17T12:26:57-07:00,0,0
global.js,71,js,63a9ac22,tanishaiyer1,2025-10-17,12:26:57,-07:00,2025-10-17T12:26:57-07:00,0,0
global.js,72,js,63a9ac22,tanishaiyer1,2025-10-17,12:26:57,-07:00,2025-10-17T12:26:57-07:00,0,34
global.js,73,js,63a9ac22,tanishaiyer1,2025-10-17,12:26:57,-07:00,2025-10-17T12:26:57-07:00,1,39
global.js,74,js,a9fe21eb,tanishaiyer1,2025-10-17,12:14:49,-07:00,2025-10-17T12:14:49-07:00,0,0
global.js,75,js,298ecc6c,tanishaiyer1,2025-10-23,23:12:34,-07:00,2025-10-23T23:12:34-07:00,0,0
global.js,76,js,298ecc6c,tanishaiyer1,2025-10-23,23:12:34,-07:00,2025-10-23T23:12:34-07:00,0,36
global.js,77,js,298ecc6c,tanishaiyer1,2025-10-23,23:12:34,-07:00,2025-10-23T23:12:34-07:00,1,3
global.js,78,js,298ecc6c,tanishaiyer1,2025-10-23,23:12:34,-07:00,2025-10-23T23:12:34-07:00,2,32
global.js,79,js,298ecc6c,tanishaiyer1,2025-10-23,23:12:34,-07:00,2025-10-23T23:12:34-07:00,2,17
global.js,80,js,298ecc6c,tanishaiyer1,2025-10-23,23:12:34,-07:00,2025-10-23T23:12:34-07:00,3,66
global.js,81,js,298ecc6c,tanishaiyer1,2025-10-23,23:12:34,-07:00,2025-10-23T23:12:34-07:00,2,0
global.js,82,js,298ecc6c,tanishaiyer1,2025-10-23,23:12:34,-07:00,2025-10-23T23:12:34-07:00,2,33
global.js,83,js,298ecc6c,tanishaiyer1,2025-10-23,23:12:34,-07:00,2025-10-23T23:12:34-07:00,2,10
global.js,84,js,298ecc6c,tanishaiyer1,2025-10-23,23:12:34,-07:00,2025-10-23T23:12:34-07:00,1,15
global.js,85,js,298ecc6c,tanishaiyer1,2025-10-23,23:12:34,-07:00,2025-10-23T23:12:34-07:00,2,59
global.js,86,js,298ecc6c,tanishaiyer1,2025-10-23,23:12:34,-07:00,2025-10-23T23:12:34-07:00,1,0
global.js,87,js,298ecc6c,tanishaiyer1,2025-10-23,23:12:34,-07:00,2025-10-23T23:12:34-07:00,0,0
global.js,88,js,298ecc6c,tanishaiyer1,2025-10-23,23:12:34,-07:00,2025-10-23T23:12:34-07:00,0,0
global.js,89,js,c7948048,tanishaiyer1,2025-10-23,23:47:44,-07:00,2025-10-23T23:47:44-07:00,0,79
global.js,90,js,c7948048,tanishaiyer1,2025-10-23,23:47:44,-07:00,2025-10-23T23:47:44-07:00,1,30
global.js,91,js,39c420a5,tanishaiyer1,2025-10-30,00:26:38,-07:00,2025-10-30T00:26:38-07:00,0,0
global.js,92,js,c7948048,tanishaiyer1,2025-10-23,23:47:44,-07:00,2025-10-23T23:47:44-07:00,1,31
global.js,93,js,c7948048,tanishaiyer1,2025-10-23,23:47:44,-07:00,2025-10-23T23:47:44-07:00,2,48
global.js,94,js,39c420a5,tanishaiyer1,2025-10-30,00:26:38,-07:00,2025-10-30T00:26:38-07:00,0,0
global.js,95,js,c7948048,tanishaiyer1,2025-10-23,23:47:44,-07:00,2025-10-23T23:47:44-07:00,2,19
global.js,96,js,c7948048,tanishaiyer1,2025-10-23,23:47:44,-07:00,2025-10-23T23:47:44-07:00,3,49
global.js,97,js,c7948048,tanishaiyer1,2025-10-23,23:47:44,-07:00,2025-10-23T23:47:44-07:00,3,49
global.js,98,js,39c420a5,tanishaiyer1,2025-10-30,00:26:38,-07:00,2025-10-30T00:26:38-07:00,3,24
global.js,99,js,39c420a5,tanishaiyer1,2025-10-30,00:26:38,-07:00,2025-10-30T00:26:38-07:00,4,27
global.js,100,js,39c420a5,tanishaiyer1,2025-10-30,00:26:38,-07:00,2025-10-30T00:26:38-07:00,4,41
global.js,101,js,39c420a5,tanishaiyer1,2025-10-30,00:26:38,-07:00,2025-10-30T00:26:38-07:00,3,4
global.js,102,js,c7948048,tanishaiyer1,2025-10-23,23:47:44,-07:00,2025-10-23T23:47:44-07:00,2,0
global.js,103,js,39c420a5,tanishaiyer1,2025-10-30,00:26:38,-07:00,2025-10-30T00:26:38-07:00,0,0
global.js,104,js,c7948048,tanishaiyer1,2025-10-23,23:47:44,-07:00,2025-10-23T23:47:44-07:00,2,36
global.js,105,js,c7948048,tanishaiyer1,2025-10-23,23:47:44,-07:00,2025-10-23T23:47:44-07:00,1,0
global.js,106,js,c7948048,tanishaiyer1,2025-10-23,23:47:44,-07:00,2025-10-23T23:47:44-07:00,0,0
global.js,107,js,f0e7d58b,tanishaiyer1,2025-10-24,00:53:03,-07:00,2025-10-24T00:53:03-07:00,0,0
global.js,108,js,39c420a5,tanishaiyer1,2025-10-30,00:26:38,-07:00,2025-10-30T00:26:38-07:00,0,0
global.js,109,js,f0e7d58b,tanishaiyer1,2025-10-24,00:53:03,-07:00,2025-10-24T00:53:03-07:00,0,47
global.js,110,js,f0e7d58b,tanishaiyer1,2025-10-24,00:53:03,-07:00,2025-10-24T00:53:03-07:00,1,59
global.js,111,js,f0e7d58b,tanishaiyer1,2025-10-24,00:53:03,-07:00,2025-10-24T00:53:03-07:00,0,0
resume/index.html,1,html,1186880e,tanishaiyer1,2025-10-03,14:03:25,-07:00,2025-10-03T14:03:25-07:00,0,13
resume/index.html,2,html,1186880e,tanishaiyer1,2025-10-03,14:03:25,-07:00,2025-10-03T14:03:25-07:00,0,14
resume/index.html,3,html,1186880e,tanishaiyer1,2025-10-03,14:03:25,-07:00,2025-10-03T14:03:25-07:00,0,4
resume/index.html,4,html,1186880e,tanishaiyer1,2025-10-03,14:03:25,-07:00,2025-10-03T14:03:25-07:00,2,20
resume/index.html,5,html,1186880e,tanishaiyer1,2025-10-03,14:03:25,-07:00,2025-10-03T14:03:25-07:00,2,68
resume/index.html,6,html,1186880e,tanishaiyer1,2025-10-03,14:03:25,-07:00,2025-10-03T14:03:25-07:00,2,19
resume/index.html,7,html,cde4f672,tanishaiyer1,2025-10-08,23:21:43,-07:00,2025-10-08T23:21:43-07:00,2,41
resume/index.html,8,html,1186880e,tanishaiyer1,2025-10-03,14:03:25,-07:00,2025-10-03T14:03:25-07:00,0,5
resume/index.html,9,html,6939c970,tanishaiyer1,2025-10-10,18:29:57,-07:00,2025-10-10T18:29:57-07:00,0,24
resume/index.html,10,html,6155a811,tanishaiyer1,2025-10-16,15:48:15,-07:00,2025-10-16T15:48:15-07:00,2,8
resume/index.html,11,html,1186880e,tanishaiyer1,2025-10-03,14:03:25,-07:00,2025-10-03T14:03:25-07:00,4,30
resume/index.html,12,html,1186880e,tanishaiyer1,2025-10-03,14:03:25,-07:00,2025-10-03T14:03:25-07:00,4,43
resume/index.html,13,html,1186880e,tanishaiyer1,2025-10-03,14:03:25,-07:00,2025-10-03T14:03:25-07:00,4,41
resume/index.html,14,html,6155a811,tanishaiyer1,2025-10-16,15:48:15,-07:00,2025-10-16T15:48:15-07:00,4,39
resume/index.html,15,html,1186880e,tanishaiyer1,2025-10-03,14:03:25,-07:00,2025-10-03T14:03:25-07:00,4,67
resume/index.html,16,html,6155a811,tanishaiyer1,2025-10-16,15:48:15,-07:00,2025-10-16T15:48:15-07:00,2,8
resume/index.html,17,html,1186880e,tanishaiyer1,2025-10-03,14:03:25,-07:00,2025-10-03T14:03:25-07:00,0,0
resume/index.html,18,html,6939c970,tanishaiyer1,2025-10-10,18:29:57,-07:00,2025-10-10T18:29:57-07:00,2,28
resume/index.html,19,html,6939c970,tanishaiyer1,2025-10-10,18:29:57,-07:00,2025-10-10T18:29:57-07:00,4,13
resume/index.html,20,html,6939c970,tanishaiyer1,2025-10-10,18:29:57,-07:00,2025-10-10T18:29:57-07:00,4,90
resume/index.html,21,html,6939c970,tanishaiyer1,2025-10-10,18:29:57,-07:00,2025-10-10T18:29:57-07:00,2,7
resume/index.html,22,html,1186880e,tanishaiyer1,2025-10-03,14:03:25,-07:00,2025-10-03T14:03:25-07:00,0,0
resume/index.html,23,html,6939c970,tanishaiyer1,2025-10-10,18:29:57,-07:00,2025-10-10T18:29:57-07:00,2,29
resume/index.html,24,html,1186880e,tanishaiyer1,2025-10-03,14:03:25,-07:00,2025-10-03T14:03:25-07:00,0,0
resume/index.html,25,html,6939c970,tanishaiyer1,2025-10-10,18:29:57,-07:00,2025-10-10T18:29:57-07:00,4,37
resume/index.html,26,html,6939c970,tanishaiyer1,2025-10-10,18:29:57,-07:00,2025-10-10T18:29:57-07:00,6,23
resume/index.html,27,html,6939c970,tanishaiyer1,2025-10-10,18:29:57,-07:00,2025-10-10T18:29:57-07:00,6,16
resume/index.html,28,html,6939c970,tanishaiyer1,2025-10-10,18:29:57,-07:00,2025-10-10T18:29:57-07:00,6,4
resume/index.html,29,html,6939c970,tanishaiyer1,2025-10-10,18:29:57,-07:00,2025-10-10T18:29:57-07:00,6,7
resume/index.html,30,html,6939c970,tanishaiyer1,2025-10-10,18:29:57,-07:00,2025-10-10T18:29:57-07:00,8,42
resume/index.html,31,html,6939c970,tanishaiyer1,2025-10-10,18:29:57,-07:00,2025-10-10T18:29:57-07:00,8,93
resume/index.html,32,html,1186880e,tanishaiyer1,2025-10-03,14:03:25,-07:00,2025-10-03T14:03:25-07:00,0,0
resume/index.html,33,html,6939c970,tanishaiyer1,2025-10-10,18:29:57,-07:00,2025-10-10T18:29:57-07:00,6,8
resume/index.html,34,html,6939c970,tanishaiyer1,2025-10-10,18:29:57,-07:00,2025-10-10T18:29:57-07:00,4,8
resume/index.html,35,html,1186880e,tanishaiyer1,2025-10-03,14:03:25,-07:00,2025-10-03T14:03:25-07:00,0,0
resume/index.html,36,html,6939c970,tanishaiyer1,2025-10-10,18:29:57,-07:00,2025-10-10T18:29:57-07:00,4,38
resume/index.html,37,html,6939c970,tanishaiyer1,2025-10-10,18:29:57,-07:00,2025-10-10T18:29:57-07:00,6,23
resume/index.html,38,html,6939c970,tanishaiyer1,2025-10-10,18:29:57,-07:00,2025-10-10T18:29:57-07:00,6,17
resume/index.html,39,html,6939c970,tanishaiyer1,2025-10-10,18:29:57,-07:00,2025-10-10T18:29:57-07:00,6,4
resume/index.html,40,html,1186880e,tanishaiyer1,2025-10-03,14:03:25,-07:00,2025-10-03T14:03:25-07:00,0,0
resume/index.html,41,html,6939c970,tanishaiyer1,2025-10-10,18:29:57,-07:00,2025-10-10T18:29:57-07:00,6,6
resume/index.html,42,html,6939c970,tanishaiyer1,2025-10-10,18:29:57,-07:00,2025-10-10T18:29:57-07:00,8,26
resume/index.html,43,html,6939c970,tanishaiyer1,2025-10-10,18:29:57,-07:00,2025-10-10T18:29:57-07:00,8,38
resume/index.html,44,html,6939c970,tanishaiyer1,2025-10-10,18:29:57,-07:00,2025-10-10T18:29:57-07:00,8,48
resume/index.html,45,html,6939c970,tanishaiyer1,2025-10-10,18:29:57,-07:00,2025-10-10T18:29:57-07:00,6,7
resume/index.html,46,html,6939c970,tanishaiyer1,2025-10-10,18:29:57,-07:00,2025-10-10T18:29:57-07:00,6,2
resume/index.html,47,html,6939c970,tanishaiyer1,2025-10-10,18:29:57,-07:00,2025-10-10T18:29:57-07:00,8,71
resume/index.html,48,html,6939c970,tanishaiyer1,2025-10-10,18:29:57,-07:00,2025-10-10T18:29:57-07:00,8,111
resume/index.html,49,html,6939c970,tanishaiyer1,2025-10-10,18:29:57,-07:00,2025-10-10T18:29:57-07:00,8,110
resume/index.html,50,html,6939c970,tanishaiyer1,2025-10-10,18:29:57,-07:00,2025-10-10T18:29:57-07:00,6,3
resume/index.html,51,html,1186880e,tanishaiyer1,2025-10-03,14:03:25,-07:00,2025-10-03T14:03:25-07:00,0,0
resume/index.html,52,html,6939c970,tanishaiyer1,2025-10-10,18:29:57,-07:00,2025-10-10T18:29:57-07:00,6,6
resume/index.html,53,html,6939c970,tanishaiyer1,2025-10-10,18:29:57,-07:00,2025-10-10T18:29:57-07:00,8,30
resume/index.html,54,html,6939c970,tanishaiyer1,2025-10-10,18:29:57,-07:00,2025-10-10T18:29:57-07:00,8,33
resume/index.html,55,html,6939c970,tanishaiyer1,2025-10-10,18:29:57,-07:00,2025-10-10T18:29:57-07:00,8,48
resume/index.html,56,html,6939c970,tanishaiyer1,2025-10-10,18:29:57,-07:00,2025-10-10T18:29:57-07:00,6,7
resume/index.html,57,html,6939c970,tanishaiyer1,2025-10-10,18:29:57,-07:00,2025-10-10T18:29:57-07:00,6,2
resume/index.html,58,html,6939c970,tanishaiyer1,2025-10-10,18:29:57,-07:00,2025-10-10T18:29:57-07:00,8,113
resume/index.html,59,html,6939c970,tanishaiyer1,2025-10-10,18:29:57,-07:00,2025-10-10T18:29:57-07:00,8,117
resume/index.html,60,html,6939c970,tanishaiyer1,2025-10-10,18:29:57,-07:00,2025-10-10T18:29:57-07:00,8,116
resume/index.html,61,html,6939c970,tanishaiyer1,2025-10-10,18:29:57,-07:00,2025-10-10T18:29:57-07:00,6,3
resume/index.html,62,html,6939c970,tanishaiyer1,2025-10-10,18:29:57,-07:00,2025-10-10T18:29:57-07:00,0,0
resume/index.html,63,html,6939c970,tanishaiyer1,2025-10-10,18:29:57,-07:00,2025-10-10T18:29:57-07:00,6,6
resume/index.html,64,html,6939c970,tanishaiyer1,2025-10-10,18:29:57,-07:00,2025-10-10T18:29:57-07:00,8,33
resume/index.html,65,html,6939c970,tanishaiyer1,2025-10-10,18:29:57,-07:00,2025-10-10T18:29:57-07:00,8,38
resume/index.html,66,html,6939c970,tanishaiyer1,2025-10-10,18:29:57,-07:00,2025-10-10T18:29:57-07:00,8,81
resume/index.html,67,html,6939c970,tanishaiyer1,2025-10-10,18:29:57,-07:00,2025-10-10T18:29:57-07:00,6,7
resume/index.html,68,html,6939c970,tanishaiyer1,2025-10-10,18:29:57,-07:00,2025-10-10T18:29:57-07:00,6,2
resume/index.html,69,html,6939c970,tanishaiyer1,2025-10-10,18:29:57,-07:00,2025-10-10T18:29:57-07:00,8,105
resume/index.html,70,html,6939c970,tanishaiyer1,2025-10-10,18:29:57,-07:00,2025-10-10T18:29:57-07:00,8,115
resume/index.html,71,html,6939c970,tanishaiyer1,2025-10-10,18:29:57,-07:00,2025-10-10T18:29:57-07:00,8,114
resume/index.html,72,html,6939c970,tanishaiyer1,2025-10-10,18:29:57,-07:00,2025-10-10T18:29:57-07:00,8,100
resume/index.html,73,html,6939c970,tanishaiyer1,2025-10-10,18:29:57,-07:00,2025-10-10T18:29:57-07:00,6,3
resume/index.html,74,html,6939c970,tanishaiyer1,2025-10-10,18:29:57,-07:00,2025-10-10T18:29:57-07:00,0,0
resume/index.html,75,html,6939c970,tanishaiyer1,2025-10-10,18:29:57,-07:00,2025-10-10T18:29:57-07:00,6,6
resume/index.html,76,html,6939c970,tanishaiyer1,2025-10-10,18:29:57,-07:00,2025-10-10T18:29:57-07:00,8,35
resume/index.html,77,html,6939c970,tanishaiyer1,2025-10-10,18:29:57,-07:00,2025-10-10T18:29:57-07:00,8,15
resume/index.html,78,html,6939c970,tanishaiyer1,2025-10-10,18:29:57,-07:00,2025-10-10T18:29:57-07:00,8,82
resume/index.html,79,html,6939c970,tanishaiyer1,2025-10-10,18:29:57,-07:00,2025-10-10T18:29:57-07:00,6,7
resume/index.html,80,html,6939c970,tanishaiyer1,2025-10-10,18:29:57,-07:00,2025-10-10T18:29:57-07:00,6,2
resume/index.html,81,html,6939c970,tanishaiyer1,2025-10-10,18:29:57,-07:00,2025-10-10T18:29:57-07:00,8,113
resume/index.html,82,html,6939c970,tanishaiyer1,2025-10-10,18:29:57,-07:00,2025-10-10T18:29:57-07:00,8,113
resume/index.html,83,html,6939c970,tanishaiyer1,2025-10-10,18:29:57,-07:00,2025-10-10T18:29:57-07:00,6,3
resume/index.html,84,html,6939c970,tanishaiyer1,2025-10-10,18:29:57,-07:00,2025-10-10T18:29:57-07:00,0,0
resume/index.html,85,html,6939c970,tanishaiyer1,2025-10-10,18:29:57,-07:00,2025-10-10T18:29:57-07:00,4,8
resume/index.html,86,html,6939c970,tanishaiyer1,2025-10-10,18:29:57,-07:00,2025-10-10T18:29:57-07:00,0,0
resume/index.html,87,html,6939c970,tanishaiyer1,2025-10-10,18:29:57,-07:00,2025-10-10T18:29:57-07:00,4,34
resume/index.html,88,html,6939c970,tanishaiyer1,2025-10-10,18:29:57,-07:00,2025-10-10T18:29:57-07:00,6,23
resume/index.html,89,html,6939c970,tanishaiyer1,2025-10-10,18:29:57,-07:00,2025-10-10T18:29:57-07:00,6,13
resume/index.html,90,html,6939c970,tanishaiyer1,2025-10-10,18:29:57,-07:00,2025-10-10T18:29:57-07:00,6,4
resume/index.html,91,html,6939c970,tanishaiyer1,2025-10-10,18:29:57,-07:00,2025-10-10T18:29:57-07:00,6,2
resume/index.html,92,html,6939c970,tanishaiyer1,2025-10-10,18:29:57,-07:00,2025-10-10T18:29:57-07:00,8,21
resume/index.html,93,html,6939c970,tanishaiyer1,2025-10-10,18:29:57,-07:00,2025-10-10T18:29:57-07:00,8,32
resume/index.html,94,html,6939c970,tanishaiyer1,2025-10-10,18:29:57,-07:00,2025-10-10T18:29:57-07:00,8,25
resume/index.html,95,html,6939c970,tanishaiyer1,2025-10-10,18:29:57,-07:00,2025-10-10T18:29:57-07:00,8,22
resume/index.html,96,html,6939c970,tanishaiyer1,2025-10-10,18:29:57,-07:00,2025-10-10T18:29:57-07:00,6,3
resume/index.html,97,html,6939c970,tanishaiyer1,2025-10-10,18:29:57,-07:00,2025-10-10T18:29:57-07:00,4,8
resume/index.html,98,html,6939c970,tanishaiyer1,2025-10-10,18:29:57,-07:00,2025-10-10T18:29:57-07:00,2,5
resume/index.html,99,html,3744411a,tanishaiyer1,2025-10-16,14:09:57,-07:00,2025-10-16T14:09:57-07:00,2,48
resume/index.html,100,html,3744411a,tanishaiyer1,2025-10-16,14:09:57,-07:00,2025-10-16T14:09:57-07:00,0,0
resume/index.html,101,html,1186880e,tanishaiyer1,2025-10-03,14:03:25,-07:00,2025-10-03T14:03:25-07:00,0,5
resume/index.html,102,html,6939c970,tanishaiyer1,2025-10-10,18:29:57,-07:00,2025-10-10T18:29:57-07:00,0,5
projects/projects.js,1,js,0d69ebea,tanishaiyer1,2025-10-30,16:13:45,-07:00,2025-10-30T16:13:45-07:00,0,58
projects/projects.js,2,js,0d69ebea,tanishaiyer1,2025-10-30,16:13:45,-07:00,2025-10-30T16:13:45-07:00,0,66
projects/projects.js,3,js,0d69ebea,tanishaiyer1,2025-10-30,16:13:45,-07:00,2025-10-30T16:13:45-07:00,0,0
projects/projects.js,4,js,0d69ebea,tanishaiyer1,2025-10-30,16:13:45,-07:00,2025-10-30T16:13:45-07:00,0,24
projects/projects.js,5,js,0d69ebea,tanishaiyer1,2025-10-30,16:13:45,-07:00,2025-10-30T16:13:45-07:00,0,16
projects/projects.js,6,js,0d69ebea,tanishaiyer1,2025-10-30,16:13:45,-07:00,2025-10-30T16:13:45-07:00,0,0
projects/projects.js,7,js,0d69ebea,tanishaiyer1,2025-10-30,16:13:45,-07:00,2025-10-30T16:13:45-07:00,0,58
projects/projects.js,8,js,0d69ebea,tanishaiyer1,2025-10-30,16:13:45,-07:00,2025-10-30T16:13:45-07:00,0,63
projects/projects.js,9,js,0d69ebea,tanishaiyer1,2025-10-30,16:13:45,-07:00,2025-10-30T16:13:45-07:00,0,58
projects/projects.js,10,js,0d69ebea,tanishaiyer1,2025-10-30,16:13:45,-07:00,2025-10-30T16:13:45-07:00,0,45
projects/projects.js,11,js,0d69ebea,tanishaiyer1,2025-10-30,16:13:45,-07:00,2025-10-30T16:13:45-07:00,0,37
projects/projects.js,12,js,0d69ebea,tanishaiyer1,2025-10-30,16:13:45,-07:00,2025-10-30T16:13:45-07:00,0,0
projects/projects.js,13,js,0d69ebea,tanishaiyer1,2025-10-30,16:13:45,-07:00,2025-10-30T16:13:45-07:00,0,51
projects/projects.js,14,js,0d69ebea,tanishaiyer1,2025-10-30,16:13:45,-07:00,2025-10-30T16:13:45-07:00,0,26
projects/projects.js,15,js,0d69ebea,tanishaiyer1,2025-10-30,16:13:45,-07:00,2025-10-30T16:13:45-07:00,0,0
projects/projects.js,16,js,0d69ebea,tanishaiyer1,2025-10-30,16:13:45,-07:00,2025-10-30T16:13:45-07:00,0,51
projects/projects.js,17,js,0d69ebea,tanishaiyer1,2025-10-30,16:13:45,-07:00,2025-10-30T16:13:45-07:00,0,30
projects/projects.js,18,js,0d69ebea,tanishaiyer1,2025-10-30,16:13:45,-07:00,2025-10-30T16:13:45-07:00,0,0
projects/projects.js,19,js,0d69ebea,tanishaiyer1,2025-10-30,16:13:45,-07:00,2025-10-30T16:13:45-07:00,0,56
projects/projects.js,20,js,0d69ebea,tanishaiyer1,2025-10-30,16:13:45,-07:00,2025-10-30T16:13:45-07:00,0,66
projects/projects.js,21,js,0d69ebea,tanishaiyer1,2025-10-30,16:13:45,-07:00,2025-10-30T16:13:45-07:00,0,49
projects/projects.js,22,js,0d69ebea,tanishaiyer1,2025-10-30,16:13:45,-07:00,2025-10-30T16:13:45-07:00,0,6
projects/projects.js,23,js,0d69ebea,tanishaiyer1,2025-10-30,16:13:45,-07:00,2025-10-30T16:13:45-07:00,0,0
projects/projects.js,24,js,0d69ebea,tanishaiyer1,2025-10-30,16:13:45,-07:00,2025-10-30T16:13:45-07:00,0,61
projects/projects.js,25,js,0d69ebea,tanishaiyer1,2025-10-30,16:13:45,-07:00,2025-10-30T16:13:45-07:00,0,36
projects/projects.js,26,js,0d69ebea,tanishaiyer1,2025-10-30,16:13:45,-07:00,2025-10-30T16:13:45-07:00,0,4
projects/projects.js,27,js,0d69ebea,tanishaiyer1,2025-10-30,16:13:45,-07:00,2025-10-30T16:13:45-07:00,0,0
projects/projects.js,28,js,0d69ebea,tanishaiyer1,2025-10-30,16:13:45,-07:00,2025-10-30T16:13:45-07:00,0,41
projects/projects.js,29,js,0d69ebea,tanishaiyer1,2025-10-30,16:13:45,-07:00,2025-10-30T16:13:45-07:00,0,31
projects/projects.js,30,js,0d69ebea,tanishaiyer1,2025-10-30,16:13:45,-07:00,2025-10-30T16:13:45-07:00,0,34
projects/projects.js,31,js,0d69ebea,tanishaiyer1,2025-10-30,16:13:45,-07:00,2025-10-30T16:13:45-07:00,0,0
projects/projects.js,32,js,0d69ebea,tanishaiyer1,2025-10-30,16:13:45,-07:00,2025-10-30T16:13:45-07:00,0,31
projects/projects.js,33,js,0d69ebea,tanishaiyer1,2025-10-30,16:13:45,-07:00,2025-10-30T16:13:45-07:00,0,19
projects/projects.js,34,js,0d69ebea,tanishaiyer1,2025-10-30,16:13:45,-07:00,2025-10-30T16:13:45-07:00,0,21
projects/projects.js,35,js,0d69ebea,tanishaiyer1,2025-10-30,16:13:45,-07:00,2025-10-30T16:13:45-07:00,0,19
projects/projects.js,36,js,0d69ebea,tanishaiyer1,2025-10-30,16:13:45,-07:00,2025-10-30T16:13:45-07:00,0,5
projects/projects.js,37,js,0d69ebea,tanishaiyer1,2025-10-30,16:13:45,-07:00,2025-10-30T16:13:45-07:00,0,0
projects/projects.js,38,js,0d69ebea,tanishaiyer1,2025-10-30,16:13:45,-07:00,2025-10-30T16:13:45-07:00,0,50
projects/projects.js,39,js,0d69ebea,tanishaiyer1,2025-10-30,16:13:45,-07:00,2025-10-30T16:13:45-07:00,0,18
projects/projects.js,40,js,0d69ebea,tanishaiyer1,2025-10-30,16:13:45,-07:00,2025-10-30T16:13:45-07:00,0,16
projects/projects.js,41,js,0d69ebea,tanishaiyer1,2025-10-30,16:13:45,-07:00,2025-10-30T16:13:45-07:00,0,7
projects/projects.js,42,js,0d69ebea,tanishaiyer1,2025-10-30,16:13:45,-07:00,2025-10-30T16:13:45-07:00,0,0
projects/projects.js,43,js,0d69ebea,tanishaiyer1,2025-10-30,16:13:45,-07:00,2025-10-30T16:13:45-07:00,0,62
projects/projects.js,44,js,0d69ebea,tanishaiyer1,2025-10-30,16:13:45,-07:00,2025-10-30T16:13:45-07:00,0,52
projects/projects.js,45,js,0d69ebea,tanishaiyer1,2025-10-30,16:13:45,-07:00,2025-10-30T16:13:45-07:00,0,55
projects/projects.js,46,js,0d69ebea,tanishaiyer1,2025-10-30,16:13:45,-07:00,2025-10-30T16:13:45-07:00,0,38
projects/projects.js,47,js,0d69ebea,tanishaiyer1,2025-10-30,16:13:45,-07:00,2025-10-30T16:13:45-07:00,0,50
projects/projects.js,48,js,0d69ebea,tanishaiyer1,2025-10-30,16:13:45,-07:00,2025-10-30T16:13:45-07:00,0,0
projects/projects.js,49,js,0d69ebea,tanishaiyer1,2025-10-30,16:13:45,-07:00,2025-10-30T16:13:45-07:00,0,31
projects/projects.js,50,js,0d69ebea,tanishaiyer1,2025-10-30,16:13:45,-07:00,2025-10-30T16:13:45-07:00,0,23
projects/projects.js,51,js,0d69ebea,tanishaiyer1,2025-10-30,16:13:45,-07:00,2025-10-30T16:13:45-07:00,0,22
projects/projects.js,52,js,0d69ebea,tanishaiyer1,2025-10-30,16:13:45,-07:00,2025-10-30T16:13:45-07:00,0,33
projects/projects.js,53,js,0d69ebea,tanishaiyer1,2025-10-30,16:13:45,-07:00,2025-10-30T16:13:45-07:00,0,64
projects/projects.js,54,js,0d69ebea,tanishaiyer1,2025-10-30,16:13:45,-07:00,2025-10-30T16:13:45-07:00,0,34
projects/projects.js,55,js,0d69ebea,tanishaiyer1,2025-10-30,16:13:45,-07:00,2025-10-30T16:13:45-07:00,0,27
projects/projects.js,56,js,0d69ebea,tanishaiyer1,2025-10-30,16:13:45,-07:00,2025-10-30T16:13:45-07:00,0,58
projects/projects.js,57,js,0d69ebea,tanishaiyer1,2025-10-30,16:13:45,-07:00,2025-10-30T16:13:45-07:00,0,0
projects/projects.js,58,js,0d69ebea,tanishaiyer1,2025-10-30,16:13:45,-07:00,2025-10-30T16:13:45-07:00,0,44
projects/projects.js,59,js,0d69ebea,tanishaiyer1,2025-10-30,16:13:45,-07:00,2025-10-30T16:13:45-07:00,0,23
projects/projects.js,60,js,0d69ebea,tanishaiyer1,2025-10-30,16:13:45,-07:00,2025-10-30T16:13:45-07:00,0,76
projects/projects.js,61,js,0d69ebea,tanishaiyer1,2025-10-30,16:13:45,-07:00,2025-10-30T16:13:45-07:00,0,0
projects/projects.js,62,js,0d69ebea,tanishaiyer1,2025-10-30,16:13:45,-07:00,2025-10-30T16:13:45-07:00,0,59
projects/projects.js,63,js,0d69ebea,tanishaiyer1,2025-10-30,16:13:45,-07:00,2025-10-30T16:13:45-07:00,0,34
projects/projects.js,64,js,0d69ebea,tanishaiyer1,2025-10-30,16:13:45,-07:00,2025-10-30T16:13:45-07:00,0,12
projects/projects.js,65,js,0d69ebea,tanishaiyer1,2025-10-30,16:13:45,-07:00,2025-10-30T16:13:45-07:00,0,10
projects/projects.js,66,js,0d69ebea,tanishaiyer1,2025-10-30,16:13:45,-07:00,2025-10-30T16:13:45-07:00,0,0
projects/projects.js,67,js,0d69ebea,tanishaiyer1,2025-10-30,16:13:45,-07:00,2025-10-30T16:13:45-07:00,0,29
projects/projects.js,68,js,0d69ebea,tanishaiyer1,2025-10-30,16:13:45,-07:00,2025-10-30T16:13:45-07:00,0,24
projects/projects.js,69,js,0d69ebea,tanishaiyer1,2025-10-30,16:13:45,-07:00,2025-10-30T16:13:45-07:00,0,47
projects/projects.js,70,js,0d69ebea,tanishaiyer1,2025-10-30,16:13:45,-07:00,2025-10-30T16:13:45-07:00,0,85
projects/projects.js,71,js,0d69ebea,tanishaiyer1,2025-10-30,16:13:45,-07:00,2025-10-30T16:13:45-07:00,0,77
projects/projects.js,72,js,0d69ebea,tanishaiyer1,2025-10-30,16:13:45,-07:00,2025-10-30T16:13:45-07:00,0,34
projects/projects.js,73,js,0d69ebea,tanishaiyer1,2025-10-30,16:13:45,-07:00,2025-10-30T16:13:45-07:00,0,27
projects/projects.js,74,js,0d69ebea,tanishaiyer1,2025-10-30,16:13:45,-07:00,2025-10-30T16:13:45-07:00,0,58
projects/projects.js,75,js,0d69ebea,tanishaiyer1,2025-10-30,16:13:45,-07:00,2025-10-30T16:13:45-07:00,0,0
projects/projects.js,76,js,0d69ebea,tanishaiyer1,2025-10-30,16:13:45,-07:00,2025-10-30T16:13:45-07:00,0,44
projects/projects.js,77,js,0d69ebea,tanishaiyer1,2025-10-30,16:13:45,-07:00,2025-10-30T16:13:45-07:00,0,23
projects/projects.js,78,js,0d69ebea,tanishaiyer1,2025-10-30,16:13:45,-07:00,2025-10-30T16:13:45-07:00,0,76
projects/projects.js,79,js,0d69ebea,tanishaiyer1,2025-10-30,16:13:45,-07:00,2025-10-30T16:13:45-07:00,0,0
projects/projects.js,80,js,0d69ebea,tanishaiyer1,2025-10-30,16:13:45,-07:00,2025-10-30T16:13:45-07:00,0,59
projects/projects.js,81,js,0d69ebea,tanishaiyer1,2025-10-30,16:13:45,-07:00,2025-10-30T16:13:45-07:00,0,34
projects/projects.js,82,js,0d69ebea,tanishaiyer1,2025-10-30,16:13:45,-07:00,2025-10-30T16:13:45-07:00,0,12
projects/projects.js,83,js,0d69ebea,tanishaiyer1,2025-10-30,16:13:45,-07:00,2025-10-30T16:13:45-07:00,0,6
projects/projects.js,84,js,0d69ebea,tanishaiyer1,2025-10-30,16:13:45,-07:00,2025-10-30T16:13:45-07:00,0,2
projects/projects.js,85,js,0d69ebea,tanishaiyer1,2025-10-30,16:13:45,-07:00,2025-10-30T16:13:45-07:00,0,0
projects/projects.js,86,js,4ff1d63f,tanishaiyer1,2025-10-23,23:58:32,-07:00,2025-10-23T23:58:32-07:00,0,55
projects/projects.js,87,js,9348277b,tanishaiyer1,2025-10-30,13:28:02,-07:00,2025-10-30T13:28:02-07:00,0,63
projects/projects.js,88,js,9348277b,tanishaiyer1,2025-10-30,13:28:02,-07:00,2025-10-30T13:28:02-07:00,0,0
projects/projects.js,89,js,9348277b,tanishaiyer1,2025-10-30,13:28:02,-07:00,2025-10-30T13:28:02-07:00,0,21
projects/projects.js,90,js,9348277b,tanishaiyer1,2025-10-30,13:28:02,-07:00,2025-10-30T13:28:02-07:00,0,13
projects/projects.js,91,js,0d69ebea,tanishaiyer1,2025-10-30,16:13:45,-07:00,2025-10-30T16:13:45-07:00,0,22
projects/projects.js,92,js,4ff1d63f,tanishaiyer1,2025-10-23,23:58:32,-07:00,2025-10-23T23:58:32-07:00,0,0
projects/projects.js,93,js,4ff1d63f,tanishaiyer1,2025-10-23,23:58:32,-07:00,2025-10-23T23:58:32-07:00,0,55
projects/projects.js,94,js,4ff1d63f,tanishaiyer1,2025-10-23,23:58:32,-07:00,2025-10-23T23:58:32-07:00,0,60
projects/projects.js,95,js,9348277b,tanishaiyer1,2025-10-30,13:28:02,-07:00,2025-10-30T13:28:02-07:00,0,55
projects/projects.js,96,js,9348277b,tanishaiyer1,2025-10-30,13:28:02,-07:00,2025-10-30T13:28:02-07:00,0,42
projects/projects.js,97,js,9348277b,tanishaiyer1,2025-10-30,13:28:02,-07:00,2025-10-30T13:28:02-07:00,0,34
projects/projects.js,98,js,9348277b,tanishaiyer1,2025-10-30,13:28:02,-07:00,2025-10-30T13:28:02-07:00,0,0
projects/projects.js,99,js,0d69ebea,tanishaiyer1,2025-10-30,16:13:45,-07:00,2025-10-30T16:13:45-07:00,0,76
projects/projects.js,100,js,0d69ebea,tanishaiyer1,2025-10-30,16:13:45,-07:00,2025-10-30T16:13:45-07:00,1,40
projects/projects.js,101,js,0d69ebea,tanishaiyer1,2025-10-30,16:13:45,-07:00,2025-10-30T16:13:45-07:00,2,59
projects/projects.js,102,js,0d69ebea,tanishaiyer1,2025-10-30,16:13:45,-07:00,2025-10-30T16:13:45-07:00,2,55
projects/projects.js,103,js,0d69ebea,tanishaiyer1,2025-10-30,16:13:45,-07:00,2025-10-30T16:13:45-07:00,2,106
projects/projects.js,104,js,0d69ebea,tanishaiyer1,2025-10-30,16:13:45,-07:00,2025-10-30T16:13:45-07:00,2,33
projects/projects.js,105,js,0d69ebea,tanishaiyer1,2025-10-30,16:13:45,-07:00,2025-10-30T16:13:45-07:00,1,1
projects/projects.js,106,js,0d69ebea,tanishaiyer1,2025-10-30,16:13:45,-07:00,2025-10-30T16:13:45-07:00,0,0
projects/projects.js,107,js,0d69ebea,tanishaiyer1,2025-10-30,16:13:45,-07:00,2025-10-30T16:13:45-07:00,0,0
projects/projects.js,108,js,4ff1d63f,tanishaiyer1,2025-10-23,23:58:32,-07:00,2025-10-23T23:58:32-07:00,0,48
projects/projects.js,109,js,9348277b,tanishaiyer1,2025-10-30,13:28:02,-07:00,2025-10-30T13:28:02-07:00,0,23
projects/projects.js,110,js,0f3789e5,tanishaiyer1,2025-10-30,10:26:30,-07:00,2025-10-30T10:26:30-07:00,0,0
projects/projects.js,111,js,9348277b,tanishaiyer1,2025-10-30,13:28:02,-07:00,2025-10-30T13:28:02-07:00,0,48
projects/projects.js,112,js,9348277b,tanishaiyer1,2025-10-30,13:28:02,-07:00,2025-10-30T13:28:02-07:00,1,25
projects/projects.js,113,js,0d69ebea,tanishaiyer1,2025-10-30,16:13:45,-07:00,2025-10-30T16:13:45-07:00,1,89
projects/projects.js,114,js,9348277b,tanishaiyer1,2025-10-30,13:28:02,-07:00,2025-10-30T13:28:02-07:00,1,56
projects/projects.js,115,js,9348277b,tanishaiyer1,2025-10-30,13:28:02,-07:00,2025-10-30T13:28:02-07:00,1,31
projects/projects.js,116,js,9348277b,tanishaiyer1,2025-10-30,13:28:02,-07:00,2025-10-30T13:28:02-07:00,0,1
projects/projects.js,117,js,0f3789e5,tanishaiyer1,2025-10-30,10:26:30,-07:00,2025-10-30T10:26:30-07:00,0,0
projects/projects.js,118,js,9348277b,tanishaiyer1,2025-10-30,13:28:02,-07:00,2025-10-30T13:28:02-07:00,0,38
projects/projects.js,119,js,9348277b,tanishaiyer1,2025-10-30,13:28:02,-07:00,2025-10-30T13:28:02-07:00,1,26
projects/projects.js,120,js,9348277b,tanishaiyer1,2025-10-30,13:28:02,-07:00,2025-10-30T13:28:02-07:00,1,29
projects/projects.js,121,js,0f3789e5,tanishaiyer1,2025-10-30,10:26:30,-07:00,2025-10-30T10:26:30-07:00,0,0
projects/projects.js,122,js,9348277b,tanishaiyer1,2025-10-30,13:28:02,-07:00,2025-10-30T13:28:02-07:00,1,26
projects/projects.js,123,js,9348277b,tanishaiyer1,2025-10-30,13:28:02,-07:00,2025-10-30T13:28:02-07:00,2,12
projects/projects.js,124,js,9348277b,tanishaiyer1,2025-10-30,13:28:02,-07:00,2025-10-30T13:28:02-07:00,2,14
projects/projects.js,125,js,0d69ebea,tanishaiyer1,2025-10-30,16:13:45,-07:00,2025-10-30T16:13:45-07:00,2,11
projects/projects.js,126,js,9348277b,tanishaiyer1,2025-10-30,13:28:02,-07:00,2025-10-30T13:28:02-07:00,1,0
projects/projects.js,127,js,9348277b,tanishaiyer1,2025-10-30,13:28:02,-07:00,2025-10-30T13:28:02-07:00,1,45
projects/projects.js,128,js,9348277b,tanishaiyer1,2025-10-30,13:28:02,-07:00,2025-10-30T13:28:02-07:00,2,11
projects/projects.js,129,js,9348277b,tanishaiyer1,2025-10-30,13:28:02,-07:00,2025-10-30T13:28:02-07:00,2,9
projects/projects.js,130,js,9348277b,tanishaiyer1,2025-10-30,13:28:02,-07:00,2025-10-30T13:28:02-07:00,1,2
projects/projects.js,131,js,0d69ebea,tanishaiyer1,2025-10-30,16:13:45,-07:00,2025-10-30T16:13:45-07:00,1,20
projects/projects.js,132,js,0295a6d0,tanishaiyer1,2025-10-30,11:05:23,-07:00,2025-10-30T11:05:23-07:00,0,0
projects/projects.js,133,js,9348277b,tanishaiyer1,2025-10-30,13:28:02,-07:00,2025-10-30T13:28:02-07:00,1,57
projects/projects.js,134,js,9348277b,tanishaiyer1,2025-10-30,13:28:02,-07:00,2025-10-30T13:28:02-07:00,1,47
projects/projects.js,135,js,0d69ebea,tanishaiyer1,2025-10-30,16:13:45,-07:00,2025-10-30T16:13:45-07:00,1,48
projects/projects.js,136,js,9348277b,tanishaiyer1,2025-10-30,13:28:02,-07:00,2025-10-30T13:28:02-07:00,1,33
projects/projects.js,137,js,e28e7d77,tanishaiyer1,2025-10-30,10:31:35,-07:00,2025-10-30T10:31:35-07:00,0,0
projects/projects.js,138,js,0d69ebea,tanishaiyer1,2025-10-30,16:13:45,-07:00,2025-10-30T16:13:45-07:00,1,27
projects/projects.js,139,js,9348277b,tanishaiyer1,2025-10-30,13:28:02,-07:00,2025-10-30T13:28:02-07:00,2,16
projects/projects.js,140,js,0d69ebea,tanishaiyer1,2025-10-30,16:13:45,-07:00,2025-10-30T16:13:45-07:00,3,25
projects/projects.js,141,js,9348277b,tanishaiyer1,2025-10-30,13:28:02,-07:00,2025-10-30T13:28:02-07:00,3,24
projects/projects.js,142,js,9348277b,tanishaiyer1,2025-10-30,13:28:02,-07:00,2025-10-30T13:28:02-07:00,3,55
projects/projects.js,143,js,9348277b,tanishaiyer1,2025-10-30,13:28:02,-07:00,2025-10-30T13:28:02-07:00,3,25
projects/projects.js,144,js,9348277b,tanishaiyer1,2025-10-30,13:28:02,-07:00,2025-10-30T13:28:02-07:00,3,18
projects/projects.js,145,js,9348277b,tanishaiyer1,2025-10-30,13:28:02,-07:00,2025-10-30T13:28:02-07:00,4,47
projects/projects.js,146,js,e28e7d77,tanishaiyer1,2025-10-30,10:31:35,-07:00,2025-10-30T10:31:35-07:00,0,0
projects/projects.js,147,js,0d69ebea,tanishaiyer1,2025-10-30,16:13:45,-07:00,2025-10-30T16:13:45-07:00,4,19
projects/projects.js,148,js,0d69ebea,tanishaiyer1,2025-10-30,16:13:45,-07:00,2025-10-30T16:13:45-07:00,5,64
projects/projects.js,149,js,0d69ebea,tanishaiyer1,2025-10-30,16:13:45,-07:00,2025-10-30T16:13:45-07:00,4,20
projects/projects.js,150,js,0d69ebea,tanishaiyer1,2025-10-30,16:13:45,-07:00,2025-10-30T16:13:45-07:00,5,85
projects/projects.js,151,js,e28e7d77,tanishaiyer1,2025-10-30,10:31:35,-07:00,2025-10-30T10:31:35-07:00,0,0
projects/projects.js,152,js,0d69ebea,tanishaiyer1,2025-10-30,16:13:45,-07:00,2025-10-30T16:13:45-07:00,4,71
projects/projects.js,153,js,9348277b,tanishaiyer1,2025-10-30,13:28:02,-07:00,2025-10-30T13:28:02-07:00,4,48
projects/projects.js,154,js,0d69ebea,tanishaiyer1,2025-10-30,16:13:45,-07:00,2025-10-30T16:13:45-07:00,4,23
projects/projects.js,155,js,9348277b,tanishaiyer1,2025-10-30,13:28:02,-07:00,2025-10-30T13:28:02-07:00,3,1
projects/projects.js,156,js,0d69ebea,tanishaiyer1,2025-10-30,16:13:45,-07:00,2025-10-30T16:13:45-07:00,1,1
projects/projects.js,157,js,0295a6d0,tanishaiyer1,2025-10-30,11:05:23,-07:00,2025-10-30T11:05:23-07:00,0,0
projects/projects.js,158,js,9348277b,tanishaiyer1,2025-10-30,13:28:02,-07:00,2025-10-30T13:28:02-07:00,1,24
projects/projects.js,159,js,9348277b,tanishaiyer1,2025-10-30,13:28:02,-07:00,2025-10-30T13:28:02-07:00,2,17
projects/projects.js,160,js,9348277b,tanishaiyer1,2025-10-30,13:28:02,-07:00,2025-10-30T13:28:02-07:00,3,38
projects/projects.js,161,js,9348277b,tanishaiyer1,2025-10-30,13:28:02,-07:00,2025-10-30T13:28:02-07:00,3,76
projects/projects.js,162,js,9348277b,tanishaiyer1,2025-10-30,13:28:02,-07:00,2025-10-30T13:28:02-07:00,3,68
projects/projects.js,163,js,9348277b,tanishaiyer1,2025-10-30,13:28:02,-07:00,2025-10-30T13:28:02-07:00,3,25
projects/projects.js,164,js,9348277b,tanishaiyer1,2025-10-30,13:28:02,-07:00,2025-10-30T13:28:02-07:00,3,18
projects/projects.js,165,js,9348277b,tanishaiyer1,2025-10-30,13:28:02,-07:00,2025-10-30T13:28:02-07:00,4,47
projects/projects.js,166,js,0295a6d0,tanishaiyer1,2025-10-30,11:05:23,-07:00,2025-10-30T11:05:23-07:00,0,0
projects/projects.js,167,js,0d69ebea,tanishaiyer1,2025-10-30,16:13:45,-07:00,2025-10-30T16:13:45-07:00,4,19
projects/projects.js,168,js,0d69ebea,tanishaiyer1,2025-10-30,16:13:45,-07:00,2025-10-30T16:13:45-07:00,5,64
projects/projects.js,169,js,0d69ebea,tanishaiyer1,2025-10-30,16:13:45,-07:00,2025-10-30T16:13:45-07:00,4,20
projects/projects.js,170,js,0d69ebea,tanishaiyer1,2025-10-30,16:13:45,-07:00,2025-10-30T16:13:45-07:00,5,85
projects/projects.js,171,js,9348277b,tanishaiyer1,2025-10-30,13:28:02,-07:00,2025-10-30T13:28:02-07:00,0,0
projects/projects.js,172,js,0d69ebea,tanishaiyer1,2025-10-30,16:13:45,-07:00,2025-10-30T16:13:45-07:00,4,71
projects/projects.js,173,js,9348277b,tanishaiyer1,2025-10-30,13:28:02,-07:00,2025-10-30T13:28:02-07:00,4,48
projects/projects.js,174,js,0d69ebea,tanishaiyer1,2025-10-30,16:13:45,-07:00,2025-10-30T16:13:45-07:00,4,23
projects/projects.js,175,js,0d69ebea,tanishaiyer1,2025-10-30,16:13:45,-07:00,2025-10-30T16:13:45-07:00,3,1
projects/projects.js,176,js,9348277b,tanishaiyer1,2025-10-30,13:28:02,-07:00,2025-10-30T13:28:02-07:00,1,1
projects/projects.js,177,js,9348277b,tanishaiyer1,2025-10-30,13:28:02,-07:00,2025-10-30T13:28:02-07:00,0,0
projects/index.html,1,html,516e9e7b,tanishaiyer1,2025-10-02,18:58:24,-07:00,2025-10-02T18:58:24-07:00,0,13
projects/index.html,2,html,516e9e7b,tanishaiyer1,2025-10-02,18:58:24,-07:00,2025-10-02T18:58:24-07:00,0,14
projects/index.html,3,html,516e9e7b,tanishaiyer1,2025-10-02,18:58:24,-07:00,2025-10-02T18:58:24-07:00,0,4
projects/index.html,4,html,516e9e7b,tanishaiyer1,2025-10-02,18:58:24,-07:00,2025-10-02T18:58:24-07:00,2,20
projects/index.html,5,html,516e9e7b,tanishaiyer1,2025-10-02,18:58:24,-07:00,2025-10-02T18:58:24-07:00,2,68
projects/index.html,6,html,516e9e7b,tanishaiyer1,2025-10-02,18:58:24,-07:00,2025-10-02T18:58:24-07:00,2,21
projects/index.html,7,html,cde4f672,tanishaiyer1,2025-10-08,23:21:43,-07:00,2025-10-08T23:21:43-07:00,2,41
projects/index.html,8,html,516e9e7b,tanishaiyer1,2025-10-02,18:58:24,-07:00,2025-10-02T18:58:24-07:00,0,5
projects/index.html,9,html,516e9e7b,tanishaiyer1,2025-10-02,18:58:24,-07:00,2025-10-02T18:58:24-07:00,0,4
projects/index.html,10,html,298ecc6c,tanishaiyer1,2025-10-23,23:12:34,-07:00,2025-10-23T23:12:34-07:00,2,38
projects/index.html,11,html,0295a6d0,tanishaiyer1,2025-10-30,11:05:23,-07:00,2025-10-30T11:05:23-07:00,0,0
projects/index.html,12,html,0295a6d0,tanishaiyer1,2025-10-30,11:05:23,-07:00,2025-10-30T11:05:23-07:00,2,21
projects/index.html,13,html,0295a6d0,tanishaiyer1,2025-10-30,11:05:23,-07:00,2025-10-30T11:05:23-07:00,4,58
projects/index.html,14,html,0295a6d0,tanishaiyer1,2025-10-30,11:05:23,-07:00,2025-10-30T11:05:23-07:00,4,22
projects/index.html,15,html,0295a6d0,tanishaiyer1,2025-10-30,11:05:23,-07:00,2025-10-30T11:05:23-07:00,2,4
projects/index.html,16,html,0f3789e5,tanishaiyer1,2025-10-30,10:26:30,-07:00,2025-10-30T10:26:30-07:00,0,0
projects/index.html,17,html,9348277b,tanishaiyer1,2025-10-30,13:28:02,-07:00,2025-10-30T13:28:02-07:00,2,4
projects/index.html,18,html,9348277b,tanishaiyer1,2025-10-30,13:28:02,-07:00,2025-10-30T13:28:02-07:00,2,15
projects/index.html,19,html,9348277b,tanishaiyer1,2025-10-30,13:28:02,-07:00,2025-10-30T13:28:02-07:00,2,11
projects/index.html,20,html,9348277b,tanishaiyer1,2025-10-30,13:28:02,-07:00,2025-10-30T13:28:02-07:00,2,26
projects/index.html,21,html,9348277b,tanishaiyer1,2025-10-30,13:28:02,-07:00,2025-10-30T13:28:02-07:00,2,31
projects/index.html,22,html,9348277b,tanishaiyer1,2025-10-30,13:28:02,-07:00,2025-10-30T13:28:02-07:00,2,0
projects/index.html,23,html,9348277b,tanishaiyer1,2025-10-30,13:28:02,-07:00,2025-10-30T13:28:02-07:00,0,0
projects/index.html,24,html,c97e78c7,tanishaiyer1,2025-10-30,10:48:11,-07:00,2025-10-30T10:48:11-07:00,2,26
projects/index.html,25,html,c97e78c7,tanishaiyer1,2025-10-30,10:48:11,-07:00,2025-10-30T10:48:11-07:00,0,0
projects/index.html,26,html,298ecc6c,tanishaiyer1,2025-10-23,23:12:34,-07:00,2025-10-23T23:12:34-07:00,2,48
projects/index.html,27,html,298ecc6c,tanishaiyer1,2025-10-23,23:12:34,-07:00,2025-10-23T23:12:34-07:00,2,47
projects/index.html,28,html,298ecc6c,tanishaiyer1,2025-10-23,23:12:34,-07:00,2025-10-23T23:12:34-07:00,0,5
projects/index.html,29,html,0f3789e5,tanishaiyer1,2025-10-30,10:26:30,-07:00,2025-10-30T10:26:30-07:00,0,5
contact/index.html,1,html,516e9e7b,tanishaiyer1,2025-10-02,18:58:24,-07:00,2025-10-02T18:58:24-07:00,0,13
contact/index.html,2,html,516e9e7b,tanishaiyer1,2025-10-02,18:58:24,-07:00,2025-10-02T18:58:24-07:00,0,14
contact/index.html,3,html,516e9e7b,tanishaiyer1,2025-10-02,18:58:24,-07:00,2025-10-02T18:58:24-07:00,0,4
contact/index.html,4,html,516e9e7b,tanishaiyer1,2025-10-02,18:58:24,-07:00,2025-10-02T18:58:24-07:00,2,20
contact/index.html,5,html,516e9e7b,tanishaiyer1,2025-10-02,18:58:24,-07:00,2025-10-02T18:58:24-07:00,2,68
contact/index.html,6,html,516e9e7b,tanishaiyer1,2025-10-02,18:58:24,-07:00,2025-10-02T18:58:24-07:00,2,20
contact/index.html,7,html,cde4f672,tanishaiyer1,2025-10-08,23:21:43,-07:00,2025-10-08T23:21:43-07:00,2,41
contact/index.html,8,html,516e9e7b,tanishaiyer1,2025-10-02,18:58:24,-07:00,2025-10-02T18:58:24-07:00,0,5
contact/index.html,9,html,516e9e7b,tanishaiyer1,2025-10-02,18:58:24,-07:00,2025-10-02T18:58:24-07:00,0,4
contact/index.html,10,html,6155a811,tanishaiyer1,2025-10-16,15:48:15,-07:00,2025-10-16T15:48:15-07:00,2,8
contact/index.html,11,html,516e9e7b,tanishaiyer1,2025-10-02,18:58:24,-07:00,2025-10-02T18:58:24-07:00,4,30
contact/index.html,12,html,516e9e7b,tanishaiyer1,2025-10-02,18:58:24,-07:00,2025-10-02T18:58:24-07:00,4,43
contact/index.html,13,html,6155a811,tanishaiyer1,2025-10-16,15:48:15,-07:00,2025-10-16T15:48:15-07:00,4,41
contact/index.html,14,html,1186880e,tanishaiyer1,2025-10-03,14:03:25,-07:00,2025-10-03T14:03:25-07:00,4,39
contact/index.html,15,html,516e9e7b,tanishaiyer1,2025-10-02,18:58:24,-07:00,2025-10-02T18:58:24-07:00,4,67
contact/index.html,16,html,6155a811,tanishaiyer1,2025-10-16,15:48:15,-07:00,2025-10-16T15:48:15-07:00,2,8
contact/index.html,17,html,516e9e7b,tanishaiyer1,2025-10-02,18:58:24,-07:00,2025-10-02T18:58:24-07:00,2,14
contact/index.html,18,html,b11ec1c6,tanishaiyer1,2025-10-03,14:54:17,-07:00,2025-10-03T14:54:17-07:00,2,70
contact/index.html,19,html,6939c970,tanishaiyer1,2025-10-10,18:29:57,-07:00,2025-10-10T18:29:57-07:00,4,31
contact/index.html,20,html,6939c970,tanishaiyer1,2025-10-10,18:29:57,-07:00,2025-10-10T18:29:57-07:00,4,51
contact/index.html,21,html,6939c970,tanishaiyer1,2025-10-10,18:29:57,-07:00,2025-10-10T18:29:57-07:00,4,35
contact/index.html,22,html,6939c970,tanishaiyer1,2025-10-10,18:29:57,-07:00,2025-10-10T18:29:57-07:00,4,33
contact/index.html,23,html,6939c970,tanishaiyer1,2025-10-10,18:29:57,-07:00,2025-10-10T18:29:57-07:00,4,32
contact/index.html,24,html,6939c970,tanishaiyer1,2025-10-10,18:29:57,-07:00,2025-10-10T18:29:57-07:00,4,41
contact/index.html,25,html,516e9e7b,tanishaiyer1,2025-10-02,18:58:24,-07:00,2025-10-02T18:58:24-07:00,4,21
contact/index.html,26,html,516e9e7b,tanishaiyer1,2025-10-02,18:58:24,-07:00,2025-10-02T18:58:24-07:00,2,5
contact/index.html,27,html,9c7588b6,tanishaiyer1,2025-10-16,14:12:49,-07:00,2025-10-16T14:12:49-07:00,2,48
contact/index.html,28,html,516e9e7b,tanishaiyer1,2025-10-02,18:58:24,-07:00,2025-10-02T18:58:24-07:00,0,5
contact/index.html,29,html,6939c970,tanishaiyer1,2025-10-10,18:29:57,-07:00,2025-10-10T18:29:57-07:00,0,5
